date,time_block,bed,total_patient_volume
2021-01-15,0,247,179.0
2021-01-15,4,247,184.0
2021-01-15,8,247,184.0
2021-01-15,12,247,185.0
2021-01-15,16,247,168.0
2021-01-15,20,247,173.0
2021-01-16,0,247,180.0
2021-01-16,4,247,187.0
2021-01-16,8,247,188.0
2021-01-16,12,247,188.0
2021-01-16,16,247,169.0
2021-01-16,20,247,172.0
2021-01-17,0,247,181.0
2021-01-17,4,247,182.0
2021-01-17,8,247,183.0
2021-01-17,12,247,183.0
2021-01-17,16,247,177.0
2021-01-17,20,247,177.0
2021-01-18,0,247,179.0
2021-01-18,4,247,183.0
2021-01-18,8,247,185.0
2021-01-18,12,247,194.0
2021-01-18,16,247,201.0
2021-01-18,20,247,200.0
2021-01-19,0,247,204.0
2021-01-19,4,247,204.0
2021-01-19,8,247,204.0
2021-01-19,12,247,201.0
2021-01-19,16,247,187.0
2021-01-19,20,247,196.0
2021-01-20,0,247,202.0
2021-01-20,4,247,202.0
2021-01-20,8,247,203.0
2021-01-20,12,247,201.0
2021-01-20,16,247,188.0
2021-01-20,20,247,189.0
2021-01-21,0,247,194.0
2021-01-21,4,247,200.0
2021-01-21,8,247,201.0
2021-01-21,12,247,205.0
2021-01-21,16,247,198.0
2021-01-21,20,247,196.0
2021-01-22,0,247,204.0
2021-01-22,4,247,207.0
2021-01-22,8,247,207.0
2021-01-22,12,247,206.0
2021-01-22,16,247,189.0
2021-01-22,20,247,192.0
2021-01-23,0,247,192.0
2021-01-23,4,247,196.0
2021-01-23,8,247,200.0
2021-01-23,12,247,200.0
2021-01-23,16,247,180.0
2021-01-23,20,247,179.0
2021-01-24,0,247,184.0
2021-01-24,4,247,185.0
2021-01-24,8,247,185.0
2021-01-24,12,247,187.0
2021-01-24,16,247,185.0
2021-01-24,20,247,189.0
2021-01-25,0,247,191.0
2021-01-25,4,247,193.0
2021-01-25,8,247,193.0
2021-01-25,12,247,194.0
2021-01-25,16,247,188.0
2021-01-25,20,247,189.0
2021-01-26,0,247,189.0
2021-01-26,4,247,192.0
2021-01-26,8,247,196.0
2021-01-26,12,247,197.0
2021-01-26,16,247,190.0
2021-01-26,20,247,191.0
2021-01-27,0,247,192.0
2021-01-27,4,247,196.0
2021-01-27,8,247,199.0
2021-01-27,12,247,202.0
2021-01-27,16,247,175.0
2021-01-27,20,247,181.0
2021-01-28,0,247,190.0
2021-01-28,4,247,196.0
2021-01-28,8,247,197.0
2021-01-28,12,247,194.0
2021-01-28,16,247,175.0
2021-01-28,20,247,174.0
2021-01-29,0,247,181.0
2021-01-29,4,247,181.0
2021-01-29,8,247,181.0
2021-01-29,12,247,180.0
2021-01-29,16,247,167.0
2021-01-29,20,247,169.0
2021-01-30,0,247,172.0
2021-01-30,4,247,174.0
2021-01-30,8,247,175.0
2021-01-30,12,247,174.0
2021-01-30,16,247,159.0
2021-01-30,20,247,157.0
2021-01-31,0,247,160.0
2021-01-31,4,247,160.0
2021-01-31,8,247,162.0
2021-01-31,12,247,162.0
2021-01-31,16,247,160.0
2021-01-31,20,247,160.0
2021-02-01,0,247,162.0
2021-02-01,4,247,165.0
2021-02-01,8,247,165.0
2021-02-01,12,247,181.0
2021-02-01,16,247,174.0
2021-02-01,20,247,175.0
2021-02-02,0,247,178.0
2021-02-02,4,247,178.0
2021-02-02,8,247,180.0
2021-02-02,12,247,180.0
2021-02-02,16,247,164.0
2021-02-02,20,247,159.0
2021-02-03,0,247,162.0
2021-02-03,4,247,162.0
2021-02-03,8,247,164.0
2021-02-03,12,247,161.0
2021-02-03,16,247,156.0
2021-02-03,20,247,158.0
2021-02-04,0,247,164.0
2021-02-04,4,247,165.0
2021-02-04,8,247,165.0
2021-02-04,12,247,165.0
2021-02-04,16,247,147.0
2021-02-04,20,247,147.0
2021-02-05,0,247,154.0
2021-02-05,4,247,160.0
2021-02-05,8,247,160.0
2021-02-05,12,247,161.0
2021-02-05,16,247,153.0
2021-02-05,20,247,151.0
2021-02-06,0,247,154.0
2021-02-06,4,247,155.0
2021-02-06,8,247,155.0
2021-02-06,12,247,156.0
2021-02-06,16,247,148.0
2021-02-06,20,247,158.0
2021-02-07,0,247,163.0
2021-02-07,4,247,167.0
2021-02-07,8,247,167.0
2021-02-07,12,247,168.0
2021-02-07,16,247,159.0
2021-02-07,20,247,161.0
2021-02-08,0,247,164.0
2021-02-08,4,247,165.0
2021-02-08,8,247,166.0
2021-02-08,12,247,170.0
2021-02-08,16,247,163.0
2021-02-08,20,247,167.0
2021-02-09,0,247,172.0
2021-02-09,4,247,174.0
2021-02-09,8,247,175.0
2021-02-09,12,247,173.0
2021-02-09,16,247,157.0
2021-02-09,20,247,159.0
2021-02-10,0,247,159.0
2021-02-10,4,247,164.0
2021-02-10,8,247,164.0
2021-02-10,12,247,161.0
2021-02-10,16,247,145.0
2021-02-10,20,247,139.0
2021-02-11,0,247,140.0
2021-02-11,4,247,142.0
2021-02-11,8,247,143.0
2021-02-11,12,247,140.0
2021-02-11,16,247,120.0
2021-02-11,20,247,121.0
2021-02-26,0,247,184.0
2021-02-26,4,247,185.0
2021-02-26,8,247,186.0
2021-02-26,12,247,184.0
2021-02-26,16,247,169.0
2021-02-26,20,247,169.0
2021-02-27,0,247,170.0
2021-02-27,4,247,171.0
2021-02-27,8,247,171.0
2021-02-27,12,247,167.0
2021-02-27,16,247,155.0
2021-02-27,20,247,163.0
2021-02-28,0,247,167.0
2021-02-28,4,247,168.0
2021-02-28,8,247,170.0
2021-02-28,12,247,171.0
2021-02-28,16,247,166.0
2021-02-28,20,247,170.0
2021-03-01,0,247,173.0
2021-03-01,4,247,175.0
2021-03-01,8,247,176.0
2021-03-01,12,247,185.0
2021-03-01,16,247,178.0
2021-03-01,20,247,187.0
2021-03-02,0,247,192.0
2021-03-02,4,247,199.0
2021-03-02,8,247,199.0
2021-03-02,12,247,197.0
2021-03-02,16,247,188.0
2021-03-02,20,247,194.0
2021-03-03,0,247,202.0
2021-03-03,4,247,206.0
2021-03-03,8,247,207.0
2021-03-03,12,247,203.0
2021-03-03,16,247,187.0
2021-03-03,20,247,195.0
2021-03-04,0,247,204.0
2021-03-04,4,247,208.0
2021-03-04,8,247,208.0
2021-03-04,12,247,209.0
2021-03-04,16,247,198.0
2021-03-04,20,247,195.0
2021-03-05,0,247,206.0
2021-03-05,4,247,209.0
2021-03-05,8,247,209.0
2021-03-05,12,247,207.0
2021-03-05,16,247,193.0
2021-03-05,20,247,190.0
2021-03-06,0,247,197.0
2021-03-06,4,247,199.0
2021-03-06,8,247,201.0
2021-03-06,12,247,198.0
2021-03-06,16,247,185.0
2021-03-06,20,247,190.0
2021-03-07,0,247,192.0
2021-03-07,4,247,196.0
2021-03-07,8,247,198.0
2021-03-07,12,247,196.0
2021-03-07,16,247,185.0
2021-03-07,20,247,188.0
2021-03-08,0,247,193.0
2021-03-08,4,247,196.0
2021-03-08,8,247,200.0
2021-03-08,12,247,210.0
2021-03-08,16,247,201.0
2021-03-08,20,247,206.0
2021-03-09,0,247,213.0
2021-03-09,4,247,215.0
2021-03-09,8,247,215.0
2021-03-09,12,247,214.0
2021-03-09,16,247,202.0
2021-03-09,20,247,206.0
2021-03-10,0,247,211.0
2021-03-10,4,247,213.0
2021-03-10,8,247,213.0
2021-03-10,12,247,212.0
2021-03-10,16,247,190.0
2021-03-10,20,247,191.0
2021-03-11,0,247,192.0
2021-03-11,4,247,196.0
2021-03-11,8,247,197.0
2021-03-11,12,247,195.0
2021-03-11,16,247,175.0
2021-03-11,20,247,184.0
2021-03-12,0,247,188.0
2021-03-12,4,247,195.0
2021-03-12,8,247,195.0
2021-03-12,12,247,193.0
2021-03-12,16,247,176.0
2021-03-12,20,247,168.0
2021-03-13,0,247,169.0
2021-03-13,4,247,170.0
2021-03-13,8,247,171.0
2021-03-13,12,247,172.0
2021-03-13,16,247,159.0
2021-03-13,20,247,163.0
2021-03-14,0,247,165.0
2021-03-14,4,247,168.0
2021-03-14,8,247,169.0
2021-03-14,12,247,168.0
2021-03-14,16,247,163.0
2021-03-14,20,247,168.0
2021-03-15,0,247,170.0
2021-03-15,4,247,173.0
2021-03-15,8,247,172.0
2021-03-15,12,247,175.0
2021-03-15,16,247,175.0
2021-03-15,20,247,180.0
2021-03-16,0,247,185.0
2021-03-16,4,247,186.0
2021-03-16,8,247,187.0
2021-03-16,12,247,181.0
2021-03-16,16,247,173.0
2021-03-16,20,247,179.0
2021-03-17,0,247,182.0
2021-03-17,4,247,183.0
2021-03-17,8,247,186.0
2021-03-17,12,247,187.0
2021-03-17,16,247,184.0
2021-03-17,20,247,188.0
2021-03-18,0,247,195.0
2021-03-18,4,247,196.0
2021-03-18,8,247,199.0
2021-03-18,12,247,193.0
2021-03-18,16,247,195.0
2021-03-18,20,247,196.0
2021-03-19,0,247,198.0
2021-03-19,4,247,199.0
2021-03-19,8,247,203.0
2021-03-19,12,247,201.0
2021-03-19,16,247,190.0
2021-03-19,20,247,191.0
2021-03-20,0,247,196.0
2021-03-20,4,247,199.0
2021-03-20,8,247,199.0
2021-03-20,12,247,197.0
2021-03-20,16,247,186.0
2021-03-20,20,247,191.0
2021-03-21,0,247,194.0
2021-03-21,4,247,197.0
2021-03-21,8,247,197.0
2021-03-21,12,247,197.0
2021-03-21,16,247,186.0
2021-03-21,20,247,187.0
2021-03-22,0,247,191.0
2021-03-22,4,247,192.0
2021-03-22,8,247,192.0
2021-03-22,12,247,191.0
2021-03-22,16,247,178.0
2021-03-22,20,247,180.0
2021-03-23,0,247,186.0
2021-03-23,4,247,190.0
2021-03-23,8,247,191.0
2021-03-23,12,247,187.0
2021-03-23,16,247,171.0
2021-03-23,20,247,172.0
2021-03-24,0,247,175.0
2021-03-24,4,247,177.0
2021-03-24,8,247,180.0
2021-03-24,12,247,181.0
2021-03-24,16,247,169.0
2021-03-24,20,247,165.0
2021-03-25,0,247,171.0
2021-03-25,4,247,178.0
2021-03-25,8,247,181.0
2021-03-25,12,247,183.0
2021-03-25,16,247,173.0
2021-03-25,20,247,173.0
2021-04-09,0,247,180.0
2021-04-09,4,247,186.0
2021-04-09,8,247,188.0
2021-04-09,12,247,189.0
2021-04-09,16,247,173.0
2021-04-09,20,247,174.0
2021-04-10,0,241,177.0
2021-04-10,4,241,180.0
2021-04-10,8,241,185.0
2021-04-10,12,241,184.0
2021-04-10,16,241,173.0
2021-04-10,20,241,179.0
2021-04-11,0,241,184.0
2021-04-11,4,241,187.0
2021-04-11,8,241,189.0
2021-04-11,12,241,191.0
2021-04-11,16,241,182.0
2021-04-11,20,241,185.0
2021-04-12,0,241,193.0
2021-04-12,4,241,197.0
2021-04-12,8,241,199.0
2021-04-12,12,241,204.0
2021-04-12,16,241,201.0
2021-04-12,20,241,206.0
2021-04-13,0,247,207.0
2021-04-13,4,247,208.0
2021-04-13,8,247,210.0
2021-04-13,12,247,202.0
2021-04-13,16,247,187.0
2021-04-13,20,247,190.0
2021-04-14,0,247,196.0
2021-04-14,4,247,198.0
2021-04-14,8,247,198.0
2021-04-14,12,247,195.0
2021-04-14,16,247,182.0
2021-04-14,20,247,186.0
2021-04-15,0,247,193.0
2021-04-15,4,247,200.0
2021-04-15,8,247,200.0
2021-04-15,12,247,203.0
2021-04-15,16,247,190.0
2021-04-15,20,247,195.0
2021-04-16,0,247,199.0
2021-04-16,4,247,204.0
2021-04-16,8,247,208.0
2021-04-16,12,247,203.0
2021-04-16,16,247,190.0
2021-04-16,20,247,189.0
2021-04-17,0,247,191.0
2021-04-17,4,247,193.0
2021-04-17,8,247,194.0
2021-04-17,12,247,194.0
2021-04-17,16,247,177.0
2021-04-17,20,247,177.0
2021-04-18,0,247,180.0
2021-04-18,4,247,181.0
2021-04-18,8,247,185.0
2021-04-18,12,247,186.0
2021-04-18,16,247,183.0
2021-04-18,20,247,186.0
2021-04-19,0,247,189.0
2021-04-19,4,247,193.0
2021-04-19,8,247,194.0
2021-04-19,12,247,193.0
2021-04-19,16,247,184.0
2021-04-19,20,247,183.0
2021-04-20,0,247,184.0
2021-04-20,4,247,187.0
2021-04-20,8,247,188.0
2021-04-20,12,247,188.0
2021-04-20,16,247,180.0
2021-04-20,20,247,181.0
2021-04-21,0,247,184.0
2021-04-21,4,247,184.0
2021-04-21,8,247,184.0
2021-04-21,12,247,185.0
2021-04-21,16,247,171.0
2021-04-21,20,247,176.0
2021-04-22,0,247,187.0
2021-04-22,4,247,193.0
2021-04-22,8,247,193.0
2021-04-22,12,247,195.0
2021-04-22,16,247,184.0
2021-04-22,20,247,186.0
2021-04-23,0,247,189.0
2021-04-23,4,247,191.0
2021-04-23,8,247,192.0
2021-04-23,12,247,190.0
2021-04-23,16,247,177.0
2021-04-23,20,247,182.0
2021-04-24,0,247,188.0
2021-04-24,4,247,193.0
2021-04-24,8,247,193.0
2021-04-24,12,247,195.0
2021-04-24,16,247,185.0
2021-04-24,20,247,190.0
2021-04-25,0,247,194.0
2021-04-25,4,247,199.0
2021-04-25,8,247,201.0
2021-04-25,12,247,202.0
2021-04-25,16,247,201.0
2021-04-25,20,247,202.0
2021-04-26,0,247,207.0
2021-04-26,4,247,207.0
2021-04-26,8,247,207.0
2021-04-26,12,247,206.0
2021-04-26,16,247,206.0
2021-04-26,20,247,207.0
2021-04-27,0,247,210.0
2021-04-27,4,247,211.0
2021-04-27,8,247,211.0
2021-04-27,12,247,209.0
2021-04-27,16,247,195.0
2021-04-27,20,247,194.0
2021-04-28,0,247,203.0
2021-04-28,4,247,207.0
2021-04-28,8,247,208.0
2021-04-28,12,247,205.0
2021-04-28,16,247,192.0
2021-04-28,20,247,194.0
2021-04-29,0,247,198.0
2021-04-29,4,247,202.0
2021-04-29,8,247,205.0
2021-04-29,12,247,205.0
2021-04-29,16,247,184.0
2021-04-29,20,247,188.0
2021-04-30,0,247,193.0
2021-04-30,4,247,194.0
2021-04-30,8,247,196.0
2021-04-30,12,247,193.0
2021-04-30,16,247,179.0
2021-04-30,20,247,181.0
2021-05-01,0,247,188.0
2021-05-01,4,247,191.0
2021-05-01,8,247,191.0
2021-05-01,12,247,190.0
2021-05-01,16,247,174.0
2021-05-01,20,247,182.0
2021-05-02,0,247,189.0
2021-05-02,4,247,191.0
2021-05-02,8,247,193.0
2021-05-02,12,247,194.0
2021-05-02,16,247,182.0
2021-05-02,20,247,188.0
2021-05-03,0,247,196.0
2021-05-03,4,247,200.0
2021-05-03,8,247,202.0
2021-05-03,12,247,197.0
2021-05-03,16,247,190.0
2021-05-03,20,247,187.0
2021-05-04,0,247,190.0
2021-05-04,4,247,192.0
2021-05-04,8,247,192.0
2021-05-04,12,247,196.0
2021-05-04,16,247,183.0
2021-05-04,20,247,181.0
2021-05-05,0,247,182.0
2021-05-05,4,247,184.0
2021-05-05,8,247,186.0
2021-05-05,12,247,186.0
2021-05-05,16,247,175.0
2021-05-05,20,247,173.0
2021-05-06,0,247,177.0
2021-05-06,4,247,177.0
2021-05-06,8,247,179.0
2021-05-06,12,247,179.0
2021-05-06,16,247,173.0
2021-05-06,20,247,173.0
2021-05-21,0,250,148.0
2021-05-21,4,250,149.0
2021-05-21,8,250,149.0
2021-05-21,12,250,149.0
2021-05-21,16,250,137.0
2021-05-21,20,250,140.0
2021-05-22,0,250,141.0
2021-05-22,4,250,145.0
2021-05-22,8,250,146.0
2021-05-22,12,250,146.0
2021-05-22,16,250,138.0
2021-05-22,20,250,138.0
2021-05-23,0,250,139.0
2021-05-23,4,250,141.0
2021-05-23,8,250,142.0
2021-05-23,12,250,142.0
2021-05-23,16,250,133.0
2021-05-23,20,250,135.0
2021-05-24,0,250,138.0
2021-05-24,4,250,141.0
2021-05-24,8,250,143.0
2021-05-24,12,250,143.0
2021-05-24,16,250,141.0
2021-05-24,20,250,141.0
2021-05-25,0,250,146.0
2021-05-25,4,250,151.0
2021-05-25,8,250,151.0
2021-05-25,12,250,146.0
2021-05-25,16,250,142.0
2021-05-25,20,250,141.0
2021-05-26,0,250,145.0
2021-05-26,4,250,146.0
2021-05-26,8,250,147.0
2021-05-26,12,250,145.0
2021-05-26,16,250,133.0
2021-05-26,20,250,135.0
2021-05-27,0,250,138.0
2021-05-27,4,250,140.0
2021-05-27,8,250,140.0
2021-05-27,12,250,139.0
2021-05-27,16,250,135.0
2021-05-27,20,250,140.0
2021-05-28,0,250,143.0
2021-05-28,4,250,148.0
2021-05-28,8,250,148.0
2021-05-28,12,250,146.0
2021-05-28,16,250,135.0
2021-05-28,20,250,130.0
2021-05-29,0,250,135.0
2021-05-29,4,250,137.0
2021-05-29,8,250,138.0
2021-05-29,12,250,136.0
2021-05-29,16,250,125.0
2021-05-29,20,250,126.0
2021-05-30,0,250,129.0
2021-05-30,4,250,132.0
2021-05-30,8,250,132.0
2021-05-30,12,250,131.0
2021-05-30,16,250,132.0
2021-05-30,20,250,138.0
2021-05-31,0,250,142.0
2021-05-31,4,250,144.0
2021-05-31,8,250,145.0
2021-05-31,12,250,145.0
2021-05-31,16,250,140.0
2021-05-31,20,250,144.0
2021-06-01,0,250,147.0
2021-06-01,4,250,149.0
2021-06-01,8,250,149.0
2021-06-01,12,250,152.0
2021-06-01,16,250,135.0
2021-06-01,20,250,134.0
2021-06-02,0,250,144.0
2021-06-02,4,250,144.0
2021-06-02,8,250,144.0
2021-06-02,12,250,144.0
2021-06-02,16,250,135.0
2021-06-02,20,250,137.0
2021-06-03,0,250,142.0
2021-06-03,4,250,143.0
2021-06-03,8,250,143.0
2021-06-03,12,250,142.0
2021-06-03,16,250,129.0
2021-06-03,20,250,128.0
2021-06-04,0,250,129.0
2021-06-04,4,250,130.0
2021-06-04,8,250,131.0
2021-06-04,12,250,130.0
2021-06-04,16,250,129.0
2021-06-04,20,250,134.0
2021-06-05,0,250,135.0
2021-06-05,4,250,137.0
2021-06-05,8,250,137.0
2021-06-05,12,250,137.0
2021-06-05,16,250,124.0
2021-06-05,20,250,126.0
2021-06-06,0,250,127.0
2021-06-06,4,250,129.0
2021-06-06,8,250,130.0
2021-06-06,12,250,130.0
2021-06-06,16,250,128.0
2021-06-06,20,250,133.0
2021-06-07,0,250,137.0
2021-06-07,4,250,139.0
2021-06-07,8,250,139.0
2021-06-07,12,250,142.0
2021-06-07,16,250,139.0
2021-06-07,20,250,140.0
2021-06-08,0,250,148.0
2021-06-08,4,250,149.0
2021-06-08,8,250,149.0
2021-06-08,12,250,149.0
2021-06-08,16,250,147.0
2021-06-08,20,250,149.0
2021-06-09,0,250,156.0
2021-06-09,4,250,159.0
2021-06-09,8,250,161.0
2021-06-09,12,250,160.0
2021-06-09,16,250,143.0
2021-06-09,20,250,145.0
2021-06-10,0,250,149.0
2021-06-10,4,250,152.0
2021-06-10,8,250,153.0
2021-06-10,12,250,153.0
2021-06-10,16,250,145.0
2021-06-10,20,250,144.0
2021-06-11,0,250,151.0
2021-06-11,4,250,155.0
2021-06-11,8,250,158.0
2021-06-11,12,250,159.0
2021-06-11,16,250,146.0
2021-06-11,20,250,142.0
2021-06-12,0,250,147.0
2021-06-12,4,250,151.0
2021-06-12,8,250,152.0
2021-06-12,12,250,152.0
2021-06-12,16,250,136.0
2021-06-12,20,250,136.0
2021-06-13,0,250,139.0
2021-06-13,4,250,143.0
2021-06-13,8,250,143.0
2021-06-13,12,250,143.0
2021-06-13,16,250,143.0
2021-06-13,20,250,148.0
2021-06-14,0,250,150.0
2021-06-14,4,250,153.0
2021-06-14,8,250,154.0
2021-06-14,12,250,156.0
2021-06-14,16,250,156.0
2021-06-14,20,250,158.0
2021-06-15,0,250,162.0
2021-06-15,4,250,169.0
2021-06-15,8,250,169.0
2021-06-15,12,250,172.0
2021-06-15,16,250,162.0
2021-06-15,20,250,165.0
2021-06-16,0,250,173.0
2021-06-16,4,250,178.0
2021-06-16,8,250,178.0
2021-06-16,12,250,178.0
2021-06-16,16,250,164.0
2021-06-16,20,250,168.0
2021-06-17,0,250,177.0
2021-06-17,4,250,179.0
2021-06-17,8,250,179.0
2021-06-17,12,250,182.0
2021-06-17,16,250,175.0
2021-06-17,20,250,175.0
2021-07-02,0,250,171.0
2021-07-02,4,250,174.0
2021-07-02,8,250,175.0
2021-07-02,12,250,175.0
2021-07-02,16,250,156.0
2021-07-02,20,250,153.0
2021-07-03,0,250,158.0
2021-07-03,4,250,160.0
2021-07-03,8,250,162.0
2021-07-03,12,250,164.0
2021-07-03,16,250,155.0
2021-07-03,20,250,161.0
2021-07-04,0,250,162.0
2021-07-04,4,250,167.0
2021-07-04,8,250,169.0
2021-07-04,12,250,169.0
2021-07-04,16,250,163.0
2021-07-04,20,250,166.0
2021-07-05,0,250,169.0
2021-07-05,4,250,170.0
2021-07-05,8,250,170.0
2021-07-05,12,250,170.0
2021-07-05,16,250,170.0
2021-07-05,20,250,169.0
2021-07-06,0,250,174.0
2021-07-06,4,250,180.0
2021-07-06,8,250,182.0
2021-07-06,12,250,182.0
2021-07-06,16,250,172.0
2021-07-06,20,250,168.0
2021-07-07,0,250,173.0
2021-07-07,4,250,173.0
2021-07-07,8,250,174.0
2021-07-07,12,250,176.0
2021-07-07,16,250,164.0
2021-07-07,20,250,165.0
2021-07-08,0,250,168.0
2021-07-08,4,250,170.0
2021-07-08,8,250,170.0
2021-07-08,12,250,174.0
2021-07-08,16,250,169.0
2021-07-08,20,250,172.0
2021-07-09,0,250,177.0
2021-07-09,4,250,182.0
2021-07-09,8,250,184.0
2021-07-09,12,250,184.0
2021-07-09,16,250,165.0
2021-07-09,20,250,162.0
2021-07-10,0,250,169.0
2021-07-10,4,250,171.0
2021-07-10,8,250,174.0
2021-07-10,12,250,176.0
2021-07-10,16,250,169.0
2021-07-10,20,250,171.0
2021-07-11,0,250,173.0
2021-07-11,4,250,177.0
2021-07-11,8,250,178.0
2021-07-11,12,250,182.0
2021-07-11,16,250,174.0
2021-07-11,20,250,176.0
2021-07-12,0,250,177.0
2021-07-12,4,250,180.0
2021-07-12,8,250,180.0
2021-07-12,12,250,180.0
2021-07-12,16,250,173.0
2021-07-12,20,250,174.0
2021-07-13,0,250,177.0
2021-07-13,4,250,179.0
2021-07-13,8,250,181.0
2021-07-13,12,250,183.0
2021-07-13,16,250,172.0
2021-07-13,20,250,175.0
2021-07-14,0,250,178.0
2021-07-14,4,250,181.0
2021-07-14,8,250,181.0
2021-07-14,12,250,180.0
2021-07-14,16,250,175.0
2021-07-14,20,250,172.0
2021-07-15,0,250,176.0
2021-07-15,4,250,175.0
2021-07-15,8,250,174.0
2021-07-15,12,250,173.0
2021-07-15,16,250,165.0
2021-07-15,20,250,168.0
2021-07-16,0,250,173.0
2021-07-16,4,250,177.0
2021-07-16,8,250,178.0
2021-07-16,12,250,177.0
2021-07-16,16,250,163.0
2021-07-16,20,250,158.0
2021-07-17,0,250,162.0
2021-07-17,4,250,164.0
2021-07-17,8,250,165.0
2021-07-17,12,250,165.0
2021-07-17,16,250,150.0
2021-07-17,20,250,148.0
2021-07-18,0,250,148.0
2021-07-18,4,250,150.0
2021-07-18,8,250,150.0
2021-07-18,12,250,152.0
2021-07-18,16,250,151.0
2021-07-18,20,250,152.0
2021-07-19,0,250,154.0
2021-07-19,4,250,155.0
2021-07-19,8,250,155.0
2021-07-19,12,250,154.0
2021-07-19,16,250,146.0
2021-07-19,20,250,154.0
2021-07-20,0,250,155.0
2021-07-20,4,250,156.0
2021-07-20,8,250,157.0
2021-07-20,12,250,157.0
2021-07-20,16,250,147.0
2021-07-20,20,250,149.0
2021-07-21,0,250,154.0
2021-07-21,4,250,157.0
2021-07-21,8,250,159.0
2021-07-21,12,250,157.0
2021-07-21,16,250,152.0
2021-07-21,20,250,156.0
2021-07-22,0,250,162.0
2021-07-22,4,250,166.0
2021-07-22,8,250,168.0
2021-07-22,12,250,167.0
2021-07-22,16,250,161.0
2021-07-22,20,250,166.0
2021-07-23,0,250,166.0
2021-07-23,4,250,168.0
2021-07-23,8,250,168.0
2021-07-23,12,250,167.0
2021-07-23,16,250,159.0
2021-07-23,20,250,166.0
2021-07-24,0,251,175.0
2021-07-24,4,251,177.0
2021-07-24,8,251,178.0
2021-07-24,12,251,178.0
2021-07-24,16,251,164.0
2021-07-24,20,251,164.0
2021-07-25,0,251,166.0
2021-07-25,4,251,170.0
2021-07-25,8,251,171.0
2021-07-25,12,251,171.0
2021-07-25,16,251,169.0
2021-07-25,20,251,171.0
2021-07-26,0,251,174.0
2021-07-26,4,251,177.0
2021-07-26,8,251,177.0
2021-07-26,12,251,177.0
2021-07-26,16,251,171.0
2021-07-26,20,251,177.0
2021-07-27,0,218,181.0
2021-07-27,4,218,184.0
2021-07-27,8,218,184.0
2021-07-27,12,218,183.0
2021-07-27,16,218,177.0
2021-07-27,20,218,179.0
2021-07-28,0,218,182.0
2021-07-28,4,218,187.0
2021-07-28,8,218,187.0
2021-07-28,12,218,184.0
2021-07-28,16,218,164.0
2021-07-28,20,218,168.0
2021-07-29,0,219,174.0
2021-07-29,4,219,178.0
2021-07-29,8,219,180.0
2021-07-29,12,219,176.0
2021-07-29,16,219,165.0
2021-07-29,20,219,171.0
2021-08-13,0,234,177.0
2021-08-13,4,234,182.0
2021-08-13,8,234,182.0
2021-08-13,12,234,180.0
2021-08-13,16,234,166.0
2021-08-13,20,234,165.0
2021-08-14,0,234,165.0
2021-08-14,4,234,166.0
2021-08-14,8,234,167.0
2021-08-14,12,234,164.0
2021-08-14,16,234,152.0
2021-08-14,20,234,156.0
2021-08-15,0,234,161.0
2021-08-15,4,234,163.0
2021-08-15,8,234,163.0
2021-08-15,12,234,166.0
2021-08-15,16,234,164.0
2021-08-15,20,234,166.0
2021-08-16,0,234,165.0
2021-08-16,4,234,169.0
2021-08-16,8,234,169.0
2021-08-16,12,234,172.0
2021-08-16,16,234,170.0
2021-08-16,20,234,176.0
2021-08-17,0,234,185.0
2021-08-17,4,234,186.0
2021-08-17,8,234,186.0
2021-08-17,12,234,183.0
2021-08-17,16,234,173.0
2021-08-17,20,234,177.0
2021-08-18,0,234,179.0
2021-08-18,4,234,181.0
2021-08-18,8,234,181.0
2021-08-18,12,234,180.0
2021-08-18,16,234,175.0
2021-08-18,20,234,174.0
2021-08-19,0,234,180.0
2021-08-19,4,234,185.0
2021-08-19,8,234,185.0
2021-08-19,12,234,185.0
2021-08-19,16,234,177.0
2021-08-19,20,234,181.0
2021-08-20,0,234,182.0
2021-08-20,4,234,183.0
2021-08-20,8,234,183.0
2021-08-20,12,234,182.0
2021-08-20,16,234,160.0
2021-08-20,20,234,163.0
2021-08-21,0,234,169.0
2021-08-21,4,234,173.0
2021-08-21,8,234,173.0
2021-08-21,12,234,169.0
2021-08-21,16,234,160.0
2021-08-21,20,234,161.0
2021-08-22,0,234,162.0
2021-08-22,4,234,164.0
2021-08-22,8,234,166.0
2021-08-22,12,234,165.0
2021-08-22,16,234,163.0
2021-08-22,20,234,168.0
2021-08-23,0,234,168.0
2021-08-23,4,234,169.0
2021-08-23,8,234,169.0
2021-08-23,12,234,172.0
2021-08-23,16,234,169.0
2021-08-23,20,234,171.0
2021-08-24,0,234,175.0
2021-08-24,4,234,178.0
2021-08-24,8,234,178.0
2021-08-24,12,234,175.0
2021-08-24,16,234,170.0
2021-08-24,20,234,176.0
2021-08-25,0,234,177.0
2021-08-25,4,234,177.0
2021-08-25,8,234,178.0
2021-08-25,12,234,172.0
2021-08-25,16,234,167.0
2021-08-25,20,234,168.0
2021-08-26,0,234,177.0
2021-08-26,4,234,179.0
2021-08-26,8,234,180.0
2021-08-26,12,234,179.0
2021-08-26,16,234,164.0
2021-08-26,20,234,165.0
2021-08-27,0,234,170.0
2021-08-27,4,234,175.0
2021-08-27,8,234,175.0
2021-08-27,12,234,176.0
2021-08-27,16,234,163.0
2021-08-27,20,234,162.0
2021-08-28,0,234,167.0
2021-08-28,4,234,172.0
2021-08-28,8,234,173.0
2021-08-28,12,234,173.0
2021-08-28,16,234,160.0
2021-08-28,20,234,160.0
2021-08-29,0,234,165.0
2021-08-29,4,234,165.0
2021-08-29,8,234,167.0
2021-08-29,12,234,166.0
2021-08-29,16,234,161.0
2021-08-29,20,234,163.0
2021-08-30,0,234,168.0
2021-08-30,4,234,169.0
2021-08-30,8,234,169.0
2021-08-30,12,234,168.0
2021-08-30,16,234,168.0
2021-08-30,20,234,175.0
2021-08-31,0,234,182.0
2021-08-31,4,234,187.0
2021-08-31,8,234,187.0
2021-08-31,12,234,187.0
2021-08-31,16,234,179.0
2021-08-31,20,234,185.0
2021-09-01,0,234,191.0
2021-09-01,4,234,192.0
2021-09-01,8,234,192.0
2021-09-01,12,234,186.0
2021-09-01,16,234,171.0
2021-09-01,20,234,174.0
2021-09-02,0,234,176.0
2021-09-02,4,234,179.0
2021-09-02,8,234,179.0
2021-09-02,12,234,174.0
2021-09-02,16,234,164.0
2021-09-02,20,234,164.0
2021-09-03,0,234,173.0
2021-09-03,4,234,176.0
2021-09-03,8,234,176.0
2021-09-03,12,234,176.0
2021-09-03,16,234,156.0
2021-09-03,20,234,149.0
2021-09-04,0,234,153.0
2021-09-04,4,234,156.0
2021-09-04,8,234,158.0
2021-09-04,12,234,160.0
2021-09-04,16,234,159.0
2021-09-04,20,234,158.0
2021-09-05,0,234,163.0
2021-09-05,4,234,164.0
2021-09-05,8,234,168.0
2021-09-05,12,234,167.0
2021-09-05,16,234,164.0
2021-09-05,20,234,167.0
2021-09-06,0,234,173.0
2021-09-06,4,234,174.0
2021-09-06,8,234,178.0
2021-09-06,12,234,176.0
2021-09-06,16,234,173.0
2021-09-06,20,234,183.0
2021-09-07,0,234,186.0
2021-09-07,4,234,190.0
2021-09-07,8,234,191.0
2021-09-07,12,234,188.0
2021-09-07,16,234,188.0
2021-09-07,20,234,190.0
2021-09-08,0,234,194.0
2021-09-08,4,234,195.0
2021-09-08,8,234,195.0
2021-09-08,12,234,194.0
2021-09-08,16,234,183.0
2021-09-08,20,234,194.0
2021-09-09,0,234,202.0
2021-09-09,4,234,202.0
2021-09-09,8,234,202.0
2021-09-09,12,234,198.0
2021-09-09,16,234,184.0
2021-09-09,20,234,185.0
2021-09-24,0,240,196.0
2021-09-24,4,240,198.0
2021-09-24,8,240,199.0
2021-09-24,12,240,196.0
2021-09-24,16,240,179.0
2021-09-24,20,240,179.0
2021-09-25,0,240,184.0
2021-09-25,4,240,186.0
2021-09-25,8,240,186.0
2021-09-25,12,240,183.0
2021-09-25,16,240,170.0
2021-09-25,20,240,181.0
2021-09-26,0,240,187.0
2021-09-26,4,240,189.0
2021-09-26,8,240,190.0
2021-09-26,12,240,188.0
2021-09-26,16,240,188.0
2021-09-26,20,240,193.0
2021-09-27,0,240,194.0
2021-09-27,4,240,196.0
2021-09-27,8,240,195.0
2021-09-27,12,240,193.0
2021-09-27,16,240,196.0
2021-09-27,20,240,205.0
2021-09-28,0,240,206.0
2021-09-28,4,240,207.0
2021-09-28,8,240,207.0
2021-09-28,12,240,206.0
2021-09-28,16,240,196.0
2021-09-28,20,240,200.0
2021-09-29,0,240,204.0
2021-09-29,4,240,207.0
2021-09-29,8,240,207.0
2021-09-29,12,240,201.0
2021-09-29,16,240,180.0
2021-09-29,20,240,185.0
2021-09-30,0,240,193.0
2021-09-30,4,240,196.0
2021-09-30,8,240,197.0
2021-09-30,12,240,194.0
2021-09-30,16,240,176.0
2021-09-30,20,240,179.0
2021-10-01,0,240,186.0
2021-10-01,4,240,190.0
2021-10-01,8,240,191.0
2021-10-01,12,240,189.0
2021-10-01,16,240,168.0
2021-10-01,20,240,174.0
2021-10-02,0,240,181.0
2021-10-02,4,240,183.0
2021-10-02,8,240,184.0
2021-10-02,12,240,181.0
2021-10-02,16,240,166.0
2021-10-02,20,240,173.0
2021-10-03,0,240,175.0
2021-10-03,4,240,178.0
2021-10-03,8,240,178.0
2021-10-03,12,240,179.0
2021-10-03,16,240,180.0
2021-10-03,20,240,186.0
2021-10-04,0,240,192.0
2021-10-04,4,240,192.0
2021-10-04,8,240,193.0
2021-10-04,12,240,190.0
2021-10-04,16,240,187.0
2021-10-04,20,240,194.0
2021-10-05,0,240,198.0
2021-10-05,4,240,199.0
2021-10-05,8,240,201.0
2021-10-05,12,240,196.0
2021-10-05,16,240,186.0
2021-10-05,20,240,195.0
2021-10-06,0,240,202.0
2021-10-06,4,240,201.0
2021-10-06,8,240,202.0
2021-10-06,12,240,201.0
2021-10-06,16,240,189.0
2021-10-06,20,240,194.0
2021-10-07,0,240,202.0
2021-10-07,4,240,202.0
2021-10-07,8,240,203.0
2021-10-07,12,240,201.0
2021-10-07,16,240,181.0
2021-10-07,20,240,185.0
2021-10-08,0,240,196.0
2021-10-08,4,240,203.0
2021-10-08,8,240,205.0
2021-10-08,12,240,203.0
2021-10-08,16,240,195.0
2021-10-08,20,240,196.0
2021-10-09,0,240,204.0
2021-10-09,4,240,204.0
2021-10-09,8,240,204.0
2021-10-09,12,240,205.0
2021-10-09,16,240,195.0
2021-10-09,20,240,195.0
2021-10-10,0,240,194.0
2021-10-10,4,240,194.0
2021-10-10,8,240,195.0
2021-10-10,12,240,192.0
2021-10-10,16,240,189.0
2021-10-10,20,240,189.0
2021-10-11,0,240,190.0
2021-10-11,4,240,191.0
2021-10-11,8,240,191.0
2021-10-11,12,240,190.0
2021-10-11,16,240,185.0
2021-10-11,20,240,187.0
2021-10-12,0,240,191.0
2021-10-12,4,240,193.0
2021-10-12,8,240,194.0
2021-10-12,12,240,193.0
2021-10-12,16,240,188.0
2021-10-12,20,240,187.0
2021-10-13,0,240,188.0
2021-10-13,4,240,191.0
2021-10-13,8,240,192.0
2021-10-13,12,240,191.0
2021-10-13,16,240,176.0
2021-10-13,20,240,176.0
2021-10-14,0,240,185.0
2021-10-14,4,240,189.0
2021-10-14,8,240,189.0
2021-10-14,12,240,189.0
2021-10-14,16,240,183.0
2021-10-14,20,240,183.0
2021-10-15,0,240,188.0
2021-10-15,4,240,190.0
2021-10-15,8,240,190.0
2021-10-15,12,240,186.0
2021-10-15,16,240,179.0
2021-10-15,20,240,180.0
2021-10-16,0,240,189.0
2021-10-16,4,240,188.0
2021-10-16,8,240,191.0
2021-10-16,12,240,190.0
2021-10-16,16,240,179.0
2021-10-16,20,240,182.0
2021-10-17,0,240,185.0
2021-10-17,4,240,186.0
2021-10-17,8,240,191.0
2021-10-17,12,240,192.0
2021-10-17,16,240,190.0
2021-10-17,20,240,195.0
2021-10-18,0,240,198.0
2021-10-18,4,240,198.0
2021-10-18,8,240,198.0
2021-10-18,12,240,200.0
2021-10-18,16,240,199.0
2021-10-18,20,240,199.0
2021-10-19,0,240,200.0
2021-10-19,4,240,200.0
2021-10-19,8,240,201.0
2021-10-19,12,240,201.0
2021-10-19,16,240,193.0
2021-10-19,20,240,194.0
2021-10-20,0,240,200.0
2021-10-20,4,240,201.0
2021-10-20,8,240,201.0
2021-10-20,12,240,196.0
2021-10-20,16,240,179.0
2021-10-20,20,240,185.0
2021-10-21,0,240,194.0
2021-10-21,4,240,198.0
2021-10-21,8,240,199.0
2021-10-21,12,240,198.0
2021-10-21,16,240,189.0
2021-10-21,20,240,193.0
2021-11-05,0,240,202.0
2021-11-05,4,240,204.0
2021-11-05,8,240,205.0
2021-11-05,12,240,199.0
2021-11-05,16,240,193.0
2021-11-05,20,240,183.0
2021-11-06,0,240,194.0
2021-11-06,4,240,198.0
2021-11-06,8,240,198.0
2021-11-06,12,240,202.0
2021-11-06,16,240,189.0
2021-11-06,20,240,192.0
2021-11-07,0,240,192.0
2021-11-07,4,240,192.0
2021-11-07,8,240,194.0
2021-11-07,12,240,192.0
2021-11-07,16,240,185.0
2021-11-07,20,240,189.0
2021-11-08,0,240,194.0
2021-11-08,4,240,196.0
2021-11-08,8,240,199.0
2021-11-08,12,240,201.0
2021-11-08,16,240,197.0
2021-11-08,20,240,202.0
2021-11-09,0,240,205.0
2021-11-09,4,240,205.0
2021-11-09,8,240,205.0
2021-11-09,12,240,205.0
2021-11-09,16,240,206.0
2021-11-09,20,240,199.0
2021-11-10,0,240,207.0
2021-11-10,4,240,209.0
2021-11-10,8,240,210.0
2021-11-10,12,240,208.0
2021-11-10,16,240,192.0
2021-11-10,20,240,193.0
2021-11-11,0,240,201.0
2021-11-11,4,240,203.0
2021-11-11,8,240,207.0
2021-11-11,12,240,204.0
2021-11-11,16,240,197.0
2021-11-11,20,240,194.0
2021-11-12,0,240,206.0
2021-11-12,4,240,209.0
2021-11-12,8,240,210.0
2021-11-12,12,240,210.0
2021-11-12,16,240,190.0
2021-11-12,20,240,188.0
2021-11-13,0,240,195.0
2021-11-13,4,240,199.0
2021-11-13,8,240,199.0
2021-11-13,12,240,195.0
2021-11-13,16,240,188.0
2021-11-13,20,240,193.0
2021-11-14,0,240,196.0
2021-11-14,4,240,198.0
2021-11-14,8,240,200.0
2021-11-14,12,240,198.0
2021-11-14,16,240,192.0
2021-11-14,20,240,195.0
2021-11-15,0,240,198.0
2021-11-15,4,240,203.0
2021-11-15,8,240,205.0
2021-11-15,12,240,201.0
2021-11-15,16,240,194.0
2021-11-15,20,240,197.0
2021-11-16,0,240,202.0
2021-11-16,4,240,204.0
2021-11-16,8,240,205.0
2021-11-16,12,240,204.0
2021-11-16,16,240,199.0
2021-11-16,20,240,196.0
2021-11-17,0,240,200.0
2021-11-17,4,240,203.0
2021-11-17,8,240,206.0
2021-11-17,12,240,205.0
2021-11-17,16,240,182.0
2021-11-17,20,240,189.0
2021-11-18,0,240,195.0
2021-11-18,4,240,199.0
2021-11-18,8,240,200.0
2021-11-18,12,240,199.0
2021-11-18,16,240,188.0
2021-11-18,20,240,185.0
2021-11-19,0,240,189.0
2021-11-19,4,240,192.0
2021-11-19,8,240,194.0
2021-11-19,12,240,195.0
2021-11-19,16,240,175.0
2021-11-19,20,240,171.0
2021-11-20,0,240,185.0
2021-11-20,4,240,185.0
2021-11-20,8,240,188.0
2021-11-20,12,240,190.0
2021-11-20,16,240,178.0
2021-11-20,20,240,181.0
2021-11-21,0,240,183.0
2021-11-21,4,240,183.0
2021-11-21,8,240,183.0
2021-11-21,12,240,182.0
2021-11-21,16,240,181.0
2021-11-21,20,240,184.0
2021-11-22,0,240,187.0
2021-11-22,4,240,191.0
2021-11-22,8,240,193.0
2021-11-22,12,240,192.0
2021-11-22,16,240,190.0
2021-11-22,20,240,196.0
2021-11-23,0,240,200.0
2021-11-23,4,240,199.0
2021-11-23,8,240,200.0
2021-11-23,12,240,199.0
2021-11-23,16,240,185.0
2021-11-23,20,240,196.0
2021-11-24,0,240,200.0
2021-11-24,4,240,203.0
2021-11-24,8,240,203.0
2021-11-24,12,240,197.0
2021-11-24,16,240,186.0
2021-11-24,20,240,187.0
2021-11-25,0,240,193.0
2021-11-25,4,240,194.0
2021-11-25,8,240,194.0
2021-11-25,12,240,187.0
2021-11-25,16,240,173.0
2021-11-25,20,240,185.0
2021-11-26,0,240,194.0
2021-11-26,4,240,195.0
2021-11-26,8,240,196.0
2021-11-26,12,240,194.0
2021-11-26,16,240,173.0
2021-11-26,20,240,172.0
2021-11-27,0,240,178.0
2021-11-27,4,240,182.0
2021-11-27,8,240,183.0
2021-11-27,12,240,183.0
2021-11-27,16,240,176.0
2021-11-27,20,240,182.0
2021-11-28,0,240,181.0
2021-11-28,4,240,184.0
2021-11-28,8,240,184.0
2021-11-28,12,240,183.0
2021-11-28,16,240,177.0
2021-11-28,20,240,181.0
2021-11-29,0,240,183.0
2021-11-29,4,240,186.0
2021-11-29,8,240,187.0
2021-11-29,12,240,188.0
2021-11-29,16,240,184.0
2021-11-29,20,240,194.0
2021-11-30,0,240,200.0
2021-11-30,4,240,200.0
2021-11-30,8,240,200.0
2021-11-30,12,240,198.0
2021-11-30,16,240,179.0
2021-11-30,20,240,181.0
2021-12-01,0,240,185.0
2021-12-01,4,240,185.0
2021-12-01,8,240,184.0
2021-12-01,12,240,184.0
2021-12-01,16,240,174.0
2021-12-01,20,240,178.0
2021-12-02,0,240,183.0
2021-12-02,4,240,184.0
2021-12-02,8,240,186.0
2021-12-02,12,240,186.0
2021-12-02,16,240,171.0
2021-12-02,20,240,174.0
2021-12-17,0,240,158.0
2021-12-17,4,240,163.0
2021-12-17,8,240,167.0
2021-12-17,12,240,170.0
2021-12-17,16,240,153.0
2021-12-17,20,240,159.0
2021-12-18,0,240,164.0
2021-12-18,4,240,169.0
2021-12-18,8,240,169.0
2021-12-18,12,240,172.0
2021-12-18,16,240,161.0
2021-12-18,20,240,163.0
2021-12-19,0,240,166.0
2021-12-19,4,240,166.0
2021-12-19,8,240,166.0
2021-12-19,12,240,170.0
2021-12-19,16,240,167.0
2021-12-19,20,240,167.0
2021-12-20,0,240,171.0
2021-12-20,4,240,174.0
2021-12-20,8,240,175.0
2021-12-20,12,240,176.0
2021-12-20,16,240,168.0
2021-12-20,20,240,173.0
2021-12-21,0,240,178.0
2021-12-21,4,240,182.0
2021-12-21,8,240,184.0
2021-12-21,12,240,183.0
2021-12-21,16,240,173.0
2021-12-21,20,240,176.0
2021-12-22,0,241,178.0
2021-12-22,4,241,179.0
2021-12-22,8,241,180.0
2021-12-22,12,241,178.0
2021-12-22,16,241,167.0
2021-12-22,20,241,170.0
2021-12-23,0,241,176.0
2021-12-23,4,241,177.0
2021-12-23,8,241,177.0
2021-12-23,12,241,175.0
2021-12-23,16,241,159.0
2021-12-23,20,241,156.0
2021-12-24,0,241,161.0
2021-12-24,4,241,165.0
2021-12-24,8,241,166.0
2021-12-24,12,241,164.0
2021-12-24,16,241,157.0
2021-12-24,20,241,160.0
2021-12-25,0,241,164.0
2021-12-25,4,241,168.0
2021-12-25,8,241,169.0
2021-12-25,12,241,168.0
2021-12-25,16,241,163.0
2021-12-25,20,241,165.0
2021-12-26,0,241,169.0
2021-12-26,4,241,169.0
2021-12-26,8,241,169.0
2021-12-26,12,241,169.0
2021-12-26,16,241,163.0
2021-12-26,20,241,167.0
2021-12-27,0,241,169.0
2021-12-27,4,241,169.0
2021-12-27,8,241,169.0
2021-12-27,12,241,168.0
2021-12-27,16,241,161.0
2021-12-27,20,241,164.0
2021-12-28,0,241,167.0
2021-12-28,4,241,169.0
2021-12-28,8,241,172.0
2021-12-28,12,241,172.0
2021-12-28,16,241,170.0
2021-12-28,20,241,171.0
2021-12-29,0,241,178.0
2021-12-29,4,241,178.0
2021-12-29,8,241,179.0
2021-12-29,12,241,178.0
2021-12-29,16,241,162.0
2021-12-29,20,241,165.0
2021-12-30,0,241,169.0
2021-12-30,4,241,171.0
2021-12-30,8,241,171.0
2021-12-30,12,241,170.0
2021-12-30,16,241,158.0
2021-12-30,20,241,158.0
2021-12-31,0,241,159.0
2021-12-31,4,241,159.0
2021-12-31,8,241,159.0
2021-12-31,12,241,154.0
2021-12-31,16,241,135.0
2021-12-31,20,241,141.0
2022-01-01,0,241,146.0
2022-01-01,4,241,146.0
2022-01-01,8,241,147.0
2022-01-01,12,241,146.0
2022-01-01,16,241,143.0
2022-01-01,20,241,145.0
2022-01-02,0,241,150.0
2022-01-02,4,241,152.0
2022-01-02,8,241,153.0
2022-01-02,12,241,153.0
2022-01-02,16,241,149.0
2022-01-02,20,241,152.0
2022-01-03,0,241,153.0
2022-01-03,4,241,156.0
2022-01-03,8,241,156.0
2022-01-03,12,241,155.0
2022-01-03,16,241,155.0
2022-01-03,20,241,162.0
2022-01-04,0,241,164.0
2022-01-04,4,241,169.0
2022-01-04,8,241,169.0
2022-01-04,12,241,163.0
2022-01-04,16,241,163.0
2022-01-04,20,241,169.0
2022-01-05,0,241,175.0
2022-01-05,4,241,180.0
2022-01-05,8,241,180.0
2022-01-05,12,241,177.0
2022-01-05,16,241,154.0
2022-01-05,20,241,159.0
2022-01-06,0,241,164.0
2022-01-06,4,241,166.0
2022-01-06,8,241,167.0
2022-01-06,12,241,169.0
2022-01-06,16,241,166.0
2022-01-06,20,241,166.0
2022-01-07,0,252,169.0
2022-01-07,4,252,173.0
2022-01-07,8,252,174.0
2022-01-07,12,252,174.0
2022-01-07,16,252,161.0
2022-01-07,20,252,159.0
2022-01-08,0,252,165.0
2022-01-08,4,252,168.0
2022-01-08,8,252,170.0
2022-01-08,12,252,171.0
2022-01-08,16,252,165.0
2022-01-08,20,252,165.0
2022-01-09,0,252,167.0
2022-01-09,4,252,173.0
2022-01-09,8,252,174.0
2022-01-09,12,252,176.0
2022-01-09,16,252,173.0
2022-01-09,20,252,178.0
2022-01-10,0,252,178.0
2022-01-10,4,252,181.0
2022-01-10,8,252,182.0
2022-01-10,12,252,181.0
2022-01-10,16,252,170.0
2022-01-10,20,252,164.0
2022-01-11,0,252,172.0
2022-01-11,4,252,180.0
2022-01-11,8,252,183.0
2022-01-11,12,252,180.0
2022-01-11,16,252,174.0
2022-01-11,20,252,171.0
2022-01-12,0,252,177.0
2022-01-12,4,252,180.0
2022-01-12,8,252,184.0
2022-01-12,12,252,183.0
2022-01-12,16,252,173.0
2022-01-12,20,252,180.0
2022-01-13,0,252,190.0
2022-01-13,4,252,192.0
2022-01-13,8,252,191.0
2022-01-13,12,252,189.0
2022-01-13,16,252,175.0
2022-01-13,20,252,175.0
2022-01-28,0,252,168.0
2022-01-28,4,252,168.0
2022-01-28,8,252,169.0
2022-01-28,12,252,164.0
2022-01-28,16,252,150.0
2022-01-28,20,252,146.0
2022-01-29,0,252,152.0
2022-01-29,4,252,155.0
2022-01-29,8,252,156.0
2022-01-29,12,252,152.0
2022-01-29,16,252,136.0
2022-01-29,20,252,141.0
2022-01-30,0,252,145.0
2022-01-30,4,252,149.0
2022-01-30,8,252,150.0
2022-01-30,12,252,151.0
2022-01-30,16,252,148.0
2022-01-30,20,252,153.0
2022-01-31,0,252,157.0
2022-01-31,4,252,159.0
2022-01-31,8,252,159.0
2022-01-31,12,252,158.0
2022-01-31,16,252,142.0
2022-01-31,20,252,141.0
2022-02-01,0,252,143.0
2022-02-01,4,252,144.0
2022-02-01,8,252,144.0
2022-02-01,12,252,143.0
2022-02-01,16,252,141.0
2022-02-01,20,252,141.0
2022-02-02,0,252,144.0
2022-02-02,4,252,148.0
2022-02-02,8,252,149.0
2022-02-02,12,252,149.0
2022-02-02,16,252,147.0
2022-02-02,20,252,148.0
2022-02-03,0,252,153.0
2022-02-03,4,252,155.0
2022-02-03,8,252,159.0
2022-02-03,12,252,158.0
2022-02-03,16,252,160.0
2022-02-03,20,252,163.0
2022-02-04,0,252,170.0
2022-02-04,4,252,176.0
2022-02-04,8,252,178.0
2022-02-04,12,252,177.0
2022-02-04,16,252,162.0
2022-02-04,20,252,159.0
2022-02-05,0,252,166.0
2022-02-05,4,252,169.0
2022-02-05,8,252,173.0
2022-02-05,12,252,171.0
2022-02-05,16,252,160.0
2022-02-05,20,252,161.0
2022-02-06,0,252,165.0
2022-02-06,4,252,168.0
2022-02-06,8,252,167.0
2022-02-06,12,252,169.0
2022-02-06,16,252,170.0
2022-02-06,20,252,171.0
2022-02-07,0,252,170.0
2022-02-07,4,252,172.0
2022-02-07,8,252,171.0
2022-02-07,12,252,172.0
2022-02-07,16,252,165.0
2022-02-07,20,252,171.0
2022-02-08,0,252,184.0
2022-02-08,4,252,187.0
2022-02-08,8,252,188.0
2022-02-08,12,252,183.0
2022-02-08,16,252,177.0
2022-02-08,20,252,182.0
2022-02-09,0,252,193.0
2022-02-09,4,252,200.0
2022-02-09,8,252,201.0
2022-02-09,12,252,200.0
2022-02-09,16,252,183.0
2022-02-09,20,252,187.0
2022-02-10,0,252,193.0
2022-02-10,4,252,195.0
2022-02-10,8,252,194.0
2022-02-10,12,252,196.0
2022-02-10,16,252,181.0
2022-02-10,20,252,181.0
2022-02-11,0,252,183.0
2022-02-11,4,252,189.0
2022-02-11,8,252,189.0
2022-02-11,12,252,191.0
2022-02-11,16,252,170.0
2022-02-11,20,252,166.0
2022-02-12,0,252,170.0
2022-02-12,4,252,177.0
2022-02-12,8,252,180.0
2022-02-12,12,252,179.0
2022-02-12,16,252,163.0
2022-02-12,20,252,166.0
2022-02-13,0,252,169.0
2022-02-13,4,252,170.0
2022-02-13,8,252,174.0
2022-02-13,12,252,174.0
2022-02-13,16,252,165.0
2022-02-13,20,252,168.0
2022-02-14,0,252,174.0
2022-02-14,4,252,181.0
2022-02-14,8,252,183.0
2022-02-14,12,252,184.0
2022-02-14,16,252,185.0
2022-02-14,20,252,186.0
2022-02-15,0,252,191.0
2022-02-15,4,252,192.0
2022-02-15,8,252,192.0
2022-02-15,12,252,189.0
2022-02-15,16,252,178.0
2022-02-15,20,252,178.0
2022-02-16,0,252,185.0
2022-02-16,4,252,191.0
2022-02-16,8,252,192.0
2022-02-16,12,252,196.0
2022-02-16,16,252,188.0
2022-02-16,20,252,186.0
2022-02-17,0,252,193.0
2022-02-17,4,252,197.0
2022-02-17,8,252,198.0
2022-02-17,12,252,198.0
2022-02-17,16,252,190.0
2022-02-17,20,252,199.0
2022-02-18,0,252,202.0
2022-02-18,4,252,206.0
2022-02-18,8,252,210.0
2022-02-18,12,252,210.0
2022-02-18,16,252,185.0
2022-02-18,20,252,181.0
2022-02-19,0,252,191.0
2022-02-19,4,252,197.0
2022-02-19,8,252,200.0
2022-02-19,12,252,198.0
2022-02-19,16,252,187.0
2022-02-19,20,252,188.0
2022-02-20,0,252,193.0
2022-02-20,4,252,196.0
2022-02-20,8,252,197.0
2022-02-20,12,252,198.0
2022-02-20,16,252,189.0
2022-02-20,20,252,195.0
2022-02-21,0,252,200.0
2022-02-21,4,252,205.0
2022-02-21,8,252,207.0
2022-02-21,12,252,208.0
2022-02-21,16,252,199.0
2022-02-21,20,252,203.0
2022-02-22,0,252,205.0
2022-02-22,4,252,207.0
2022-02-22,8,252,206.0
2022-02-22,12,252,204.0
2022-02-22,16,252,195.0
2022-02-22,20,252,202.0
2022-02-23,0,252,203.0
2022-02-23,4,252,208.0
2022-02-23,8,252,210.0
2022-02-23,12,252,209.0
2022-02-23,16,252,192.0
2022-02-23,20,252,197.0
2022-02-24,0,252,203.0
2022-02-24,4,252,204.0
2022-02-24,8,252,203.0
2022-02-24,12,252,202.0
2022-02-24,16,252,181.0
2022-02-24,20,252,180.0
2022-03-11,0,252,199.0
2022-03-11,4,252,201.0
2022-03-11,8,252,199.0
2022-03-11,12,252,198.0
2022-03-11,16,252,188.0
2022-03-11,20,252,189.0
2022-03-12,0,252,199.0
2022-03-12,4,252,204.0
2022-03-12,8,252,206.0
2022-03-12,12,252,204.0
2022-03-12,16,252,187.0
2022-03-12,20,252,191.0
2022-03-13,0,252,201.0
2022-03-13,4,252,202.0
2022-03-13,8,252,202.0
2022-03-13,12,252,205.0
2022-03-13,16,252,197.0
2022-03-13,20,252,200.0
2022-03-14,0,252,204.0
2022-03-14,4,252,207.0
2022-03-14,8,252,207.0
2022-03-14,12,252,201.0
2022-03-14,16,252,197.0
2022-03-14,20,252,197.0
2022-03-15,0,252,201.0
2022-03-15,4,252,202.0
2022-03-15,8,252,203.0
2022-03-15,12,252,200.0
2022-03-15,16,252,181.0
2022-03-15,20,252,192.0
2022-03-16,0,252,192.0
2022-03-16,4,252,195.0
2022-03-16,8,252,194.0
2022-03-16,12,252,196.0
2022-03-16,16,252,184.0
2022-03-16,20,252,179.0
2022-03-17,0,252,183.0
2022-03-17,4,252,187.0
2022-03-17,8,252,188.0
2022-03-17,12,252,187.0
2022-03-17,16,252,184.0
2022-03-17,20,252,185.0
2022-03-18,0,252,190.0
2022-03-18,4,252,192.0
2022-03-18,8,252,192.0
2022-03-18,12,252,190.0
2022-03-18,16,252,176.0
2022-03-18,20,252,184.0
2022-03-19,0,252,193.0
2022-03-19,4,252,196.0
2022-03-19,8,252,196.0
2022-03-19,12,252,196.0
2022-03-19,16,252,185.0
2022-03-19,20,252,186.0
2022-03-20,0,252,189.0
2022-03-20,4,252,192.0
2022-03-20,8,252,192.0
2022-03-20,12,252,191.0
2022-03-20,16,252,185.0
2022-03-20,20,252,188.0
2022-03-21,0,252,189.0
2022-03-21,4,252,188.0
2022-03-21,8,252,188.0
2022-03-21,12,252,188.0
2022-03-21,16,252,173.0
2022-03-21,20,252,182.0
2022-03-22,0,252,185.0
2022-03-22,4,252,186.0
2022-03-22,8,252,187.0
2022-03-22,12,252,187.0
2022-03-22,16,252,171.0
2022-03-22,20,252,172.0
2022-03-23,0,252,179.0
2022-03-23,4,252,182.0
2022-03-23,8,252,182.0
2022-03-23,12,252,180.0
2022-03-23,16,252,163.0
2022-03-23,20,252,169.0
2022-03-24,0,252,182.0
2022-03-24,4,252,183.0
2022-03-24,8,252,185.0
2022-03-24,12,252,187.0
2022-03-24,16,252,182.0
2022-03-24,20,252,178.0
2022-03-25,0,252,183.0
2022-03-25,4,252,186.0
2022-03-25,8,252,190.0
2022-03-25,12,252,192.0
2022-03-25,16,252,174.0
2022-03-25,20,252,172.0
2022-03-26,0,252,180.0
2022-03-26,4,252,188.0
2022-03-26,8,252,190.0
2022-03-26,12,252,193.0
2022-03-26,16,252,182.0
2022-03-26,20,252,184.0
2022-03-27,0,252,189.0
2022-03-27,4,252,192.0
2022-03-27,8,252,196.0
2022-03-27,12,252,196.0
2022-03-27,16,252,190.0
2022-03-27,20,252,193.0
2022-03-28,0,252,197.0
2022-03-28,4,252,198.0
2022-03-28,8,252,200.0
2022-03-28,12,252,199.0
2022-03-28,16,252,194.0
2022-03-28,20,252,194.0
2022-03-29,0,252,199.0
2022-03-29,4,252,202.0
2022-03-29,8,252,201.0
2022-03-29,12,252,201.0
2022-03-29,16,252,203.0
2022-03-29,20,252,205.0
2022-03-30,0,252,206.0
2022-03-30,4,252,206.0
2022-03-30,8,252,205.0
2022-03-30,12,252,198.0
2022-03-30,16,252,195.0
2022-03-30,20,252,192.0
2022-03-31,0,252,196.0
2022-03-31,4,252,202.0
2022-03-31,8,252,202.0
2022-03-31,12,252,205.0
2022-03-31,16,252,193.0
2022-03-31,20,252,191.0
2022-04-01,0,252,193.0
2022-04-01,4,252,198.0
2022-04-01,8,252,198.0
2022-04-01,12,252,196.0
2022-04-01,16,252,187.0
2022-04-01,20,252,187.0
2022-04-02,0,252,194.0
2022-04-02,4,252,196.0
2022-04-02,8,252,197.0
2022-04-02,12,252,197.0
2022-04-02,16,252,191.0
2022-04-02,20,252,195.0
2022-04-03,0,252,201.0
2022-04-03,4,252,204.0
2022-04-03,8,252,204.0
2022-04-03,12,252,205.0
2022-04-03,16,252,194.0
2022-04-03,20,252,198.0
2022-04-04,0,252,201.0
2022-04-04,4,252,203.0
2022-04-04,8,252,203.0
2022-04-04,12,252,200.0
2022-04-04,16,252,192.0
2022-04-04,20,252,192.0
2022-04-05,0,252,194.0
2022-04-05,4,252,197.0
2022-04-05,8,252,201.0
2022-04-05,12,252,201.0
2022-04-05,16,252,185.0
2022-04-05,20,252,187.0
2022-04-06,0,252,189.0
2022-04-06,4,252,194.0
2022-04-06,8,252,194.0
2022-04-06,12,252,194.0
2022-04-06,16,252,180.0
2022-04-06,20,252,189.0
2022-04-07,0,252,193.0
2022-04-07,4,252,195.0
2022-04-07,8,252,196.0
2022-04-07,12,252,194.0
2022-04-07,16,252,182.0
2022-04-07,20,252,186.0
2022-04-22,0,252,198.0
2022-04-22,4,252,205.0
2022-04-22,8,252,207.0
2022-04-22,12,252,207.0
2022-04-22,16,252,187.0
2022-04-22,20,252,190.0
2022-04-23,0,252,201.0
2022-04-23,4,252,208.0
2022-04-23,8,252,211.0
2022-04-23,12,252,208.0
2022-04-23,16,252,194.0
2022-04-23,20,252,196.0
2022-04-24,0,252,203.0
2022-04-24,4,252,205.0
2022-04-24,8,252,205.0
2022-04-24,12,252,206.0
2022-04-24,16,252,193.0
2022-04-24,20,252,194.0
2022-04-25,0,252,197.0
2022-04-25,4,252,201.0
2022-04-25,8,252,203.0
2022-04-25,12,252,202.0
2022-04-25,16,252,194.0
2022-04-25,20,252,196.0
2022-04-26,0,252,205.0
2022-04-26,4,252,207.0
2022-04-26,8,252,212.0
2022-04-26,12,252,213.0
2022-04-26,16,252,195.0
2022-04-26,20,252,197.0
2022-04-27,0,252,206.0
2022-04-27,4,252,210.0
2022-04-27,8,252,210.0
2022-04-27,12,252,211.0
2022-04-27,16,252,191.0
2022-04-27,20,252,199.0
2022-04-28,0,252,203.0
2022-04-28,4,252,212.0
2022-04-28,8,252,213.0
2022-04-28,12,252,211.0
2022-04-28,16,252,191.0
2022-04-28,20,252,192.0
2022-04-29,0,252,202.0
2022-04-29,4,252,208.0
2022-04-29,8,252,209.0
2022-04-29,12,252,209.0
2022-04-29,16,252,197.0
2022-04-29,20,252,198.0
2022-04-30,0,252,203.0
2022-04-30,4,252,206.0
2022-04-30,8,252,208.0
2022-04-30,12,252,210.0
2022-04-30,16,252,186.0
2022-04-30,20,252,195.0
2022-05-01,0,252,200.0
2022-05-01,4,252,206.0
2022-05-01,8,252,207.0
2022-05-01,12,252,206.0
2022-05-01,16,252,193.0
2022-05-01,20,252,195.0
2022-05-02,0,252,195.0
2022-05-02,4,252,196.0
2022-05-02,8,252,198.0
2022-05-02,12,252,202.0
2022-05-02,16,252,195.0
2022-05-02,20,252,197.0
2022-05-03,0,252,199.0
2022-05-03,4,252,203.0
2022-05-03,8,252,205.0
2022-05-03,12,252,205.0
2022-05-03,16,252,207.0
2022-05-03,20,252,211.0
2022-05-04,0,252,215.0
2022-05-04,4,252,216.0
2022-05-04,8,252,218.0
2022-05-04,12,252,214.0
2022-05-04,16,252,208.0
2022-05-04,20,252,211.0
2022-05-05,0,252,216.0
2022-05-05,4,252,221.0
2022-05-05,8,252,221.0
2022-05-05,12,252,217.0
2022-05-05,16,252,202.0
2022-05-05,20,252,208.0
2022-05-06,0,252,211.0
2022-05-06,4,252,216.0
2022-05-06,8,252,217.0
2022-05-06,12,252,213.0
2022-05-06,16,252,189.0
2022-05-06,20,252,192.0
2022-05-07,0,252,195.0
2022-05-07,4,252,198.0
2022-05-07,8,252,199.0
2022-05-07,12,252,199.0
2022-05-07,16,252,179.0
2022-05-07,20,252,182.0
2022-05-08,0,252,190.0
2022-05-08,4,252,193.0
2022-05-08,8,252,195.0
2022-05-08,12,252,194.0
2022-05-08,16,252,188.0
2022-05-08,20,252,188.0
2022-05-09,0,252,190.0
2022-05-09,4,252,195.0
2022-05-09,8,252,196.0
2022-05-09,12,252,192.0
2022-05-09,16,252,188.0
2022-05-09,20,252,191.0
2022-05-10,0,252,200.0
2022-05-10,4,252,203.0
2022-05-10,8,252,204.0
2022-05-10,12,252,208.0
2022-05-10,16,252,191.0
2022-05-10,20,252,196.0
2022-05-11,0,252,201.0
2022-05-11,4,252,207.0
2022-05-11,8,252,211.0
2022-05-11,12,252,210.0
2022-05-11,16,252,191.0
2022-05-11,20,252,195.0
2022-05-12,0,252,200.0
2022-05-12,4,252,204.0
2022-05-12,8,252,207.0
2022-05-12,12,252,206.0
2022-05-12,16,252,195.0
2022-05-12,20,252,199.0
2022-05-13,0,252,202.0
2022-05-13,4,252,209.0
2022-05-13,8,252,211.0
2022-05-13,12,252,206.0
2022-05-13,16,252,186.0
2022-05-13,20,252,190.0
2022-05-14,0,252,198.0
2022-05-14,4,252,205.0
2022-05-14,8,252,206.0
2022-05-14,12,252,205.0
2022-05-14,16,252,191.0
2022-05-14,20,252,191.0
2022-05-15,0,252,198.0
2022-05-15,4,252,201.0
2022-05-15,8,252,202.0
2022-05-15,12,252,201.0
2022-05-15,16,252,186.0
2022-05-15,20,252,191.0
2022-05-16,0,252,196.0
2022-05-16,4,252,201.0
2022-05-16,8,252,201.0
2022-05-16,12,252,200.0
2022-05-16,16,252,188.0
2022-05-16,20,252,198.0
2022-05-17,0,252,201.0
2022-05-17,4,252,201.0
2022-05-17,8,252,201.0
2022-05-17,12,252,201.0
2022-05-17,16,252,196.0
2022-05-17,20,252,201.0
2022-05-18,0,252,209.0
2022-05-18,4,252,211.0
2022-05-18,8,252,211.0
2022-05-18,12,252,208.0
2022-05-18,16,252,195.0
2022-05-18,20,252,196.0
2022-05-19,0,252,202.0
2022-05-19,4,252,205.0
2022-05-19,8,252,206.0
2022-05-19,12,252,203.0
2022-05-19,16,252,198.0
2022-05-19,20,252,195.0
2022-06-03,0,252,212.0
2022-06-03,4,252,215.0
2022-06-03,8,252,217.0
2022-06-03,12,252,216.0
2022-06-03,16,252,195.0
2022-06-03,20,252,190.0
2022-06-04,0,252,195.0
2022-06-04,4,252,203.0
2022-06-04,8,252,206.0
2022-06-04,12,252,208.0
2022-06-04,16,252,197.0
2022-06-04,20,252,202.0
2022-06-05,0,252,206.0
2022-06-05,4,252,210.0
2022-06-05,8,252,210.0
2022-06-05,12,252,210.0
2022-06-05,16,252,202.0
2022-06-05,20,252,205.0
2022-06-06,0,252,208.0
2022-06-06,4,252,211.0
2022-06-06,8,252,212.0
2022-06-06,12,252,212.0
2022-06-06,16,252,202.0
2022-06-06,20,252,208.0
2022-06-07,0,252,208.0
2022-06-07,4,252,211.0
2022-06-07,8,252,214.0
2022-06-07,12,252,214.0
2022-06-07,16,252,205.0
2022-06-07,20,252,210.0
2022-06-08,0,252,212.0
2022-06-08,4,252,215.0
2022-06-08,8,252,216.0
2022-06-08,12,252,213.0
2022-06-08,16,252,199.0
2022-06-08,20,252,197.0
2022-06-09,0,252,203.0
2022-06-09,4,252,206.0
2022-06-09,8,252,209.0
2022-06-09,12,252,210.0
2022-06-09,16,252,200.0
2022-06-09,20,252,201.0
2022-06-10,0,252,205.0
2022-06-10,4,252,210.0
2022-06-10,8,252,209.0
2022-06-10,12,252,205.0
2022-06-10,16,252,189.0
2022-06-10,20,252,189.0
2022-06-11,0,252,189.0
2022-06-11,4,252,196.0
2022-06-11,8,252,199.0
2022-06-11,12,252,197.0
2022-06-11,16,252,182.0
2022-06-11,20,252,190.0
2022-06-12,0,252,193.0
2022-06-12,4,252,197.0
2022-06-12,8,252,197.0
2022-06-12,12,252,195.0
2022-06-12,16,252,189.0
2022-06-12,20,252,192.0
2022-06-13,0,252,193.0
2022-06-13,4,252,197.0
2022-06-13,8,252,199.0
2022-06-13,12,252,198.0
2022-06-13,16,252,186.0
2022-06-13,20,252,187.0
2022-06-14,0,252,189.0
2022-06-14,4,252,196.0
2022-06-14,8,252,196.0
2022-06-14,12,252,197.0
2022-06-14,16,252,192.0
2022-06-14,20,252,199.0
2022-06-15,0,252,204.0
2022-06-15,4,252,207.0
2022-06-15,8,252,209.0
2022-06-15,12,252,204.0
2022-06-15,16,252,185.0
2022-06-15,20,252,197.0
2022-06-16,0,252,201.0
2022-06-16,4,252,206.0
2022-06-16,8,252,207.0
2022-06-16,12,252,205.0
2022-06-16,16,252,186.0
2022-06-16,20,252,187.0
2022-06-17,0,252,190.0
2022-06-17,4,252,197.0
2022-06-17,8,252,200.0
2022-06-17,12,252,199.0
2022-06-17,16,252,168.0
2022-06-17,20,252,171.0
2022-06-18,0,252,175.0
2022-06-18,4,252,186.0
2022-06-18,8,252,188.0
2022-06-18,12,252,189.0
2022-06-18,16,252,173.0
2022-06-18,20,252,176.0
2022-06-19,0,252,180.0
2022-06-19,4,252,184.0
2022-06-19,8,252,187.0
2022-06-19,12,252,187.0
2022-06-19,16,252,182.0
2022-06-19,20,252,188.0
2022-06-20,0,252,189.0
2022-06-20,4,252,190.0
2022-06-20,8,252,191.0
2022-06-20,12,252,191.0
2022-06-20,16,252,185.0
2022-06-20,20,252,189.0
2022-06-21,0,252,196.0
2022-06-21,4,252,200.0
2022-06-21,8,252,206.0
2022-06-21,12,252,208.0
2022-06-21,16,252,195.0
2022-06-21,20,252,201.0
2022-06-22,0,252,209.0
2022-06-22,4,252,214.0
2022-06-22,8,252,217.0
2022-06-22,12,252,216.0
2022-06-22,16,252,194.0
2022-06-22,20,252,198.0
2022-06-23,0,252,202.0
2022-06-23,4,252,212.0
2022-06-23,8,252,214.0
2022-06-23,12,252,206.0
2022-06-23,16,252,189.0
2022-06-23,20,252,189.0
2022-06-24,0,252,197.0
2022-06-24,4,252,202.0
2022-06-24,8,252,204.0
2022-06-24,12,252,201.0
2022-06-24,16,252,190.0
2022-06-24,20,252,190.0
2022-06-25,0,252,196.0
2022-06-25,4,252,202.0
2022-06-25,8,252,206.0
2022-06-25,12,252,207.0
2022-06-25,16,252,193.0
2022-06-25,20,252,201.0
2022-06-26,0,252,209.0
2022-06-26,4,252,212.0
2022-06-26,8,252,213.0
2022-06-26,12,252,212.0
2022-06-26,16,252,197.0
2022-06-26,20,252,203.0
2022-06-27,0,252,208.0
2022-06-27,4,252,215.0
2022-06-27,8,252,217.0
2022-06-27,12,252,217.0
2022-06-27,16,252,214.0
2022-06-27,20,252,216.0
2022-06-28,0,252,220.0
2022-06-28,4,252,222.0
2022-06-28,8,252,223.0
2022-06-28,12,252,222.0
2022-06-28,16,252,201.0
2022-06-28,20,252,200.0
2022-06-29,0,252,209.0
2022-06-29,4,252,211.0
2022-06-29,8,252,215.0
2022-06-29,12,252,216.0
2022-06-29,16,252,208.0
2022-06-29,20,252,210.0
2022-06-30,0,252,218.0
2022-06-30,4,252,228.0
2022-06-30,8,252,230.0
2022-06-30,12,252,232.0
2022-06-30,16,252,225.0
2022-06-30,20,252,223.0
2022-07-15,0,252,212.0
2022-07-15,4,252,213.0
2022-07-15,8,252,214.0
2022-07-15,12,252,213.0
2022-07-15,16,252,195.0
2022-07-15,20,252,201.0
2022-07-16,0,252,204.0
2022-07-16,4,252,207.0
2022-07-16,8,252,208.0
2022-07-16,12,252,208.0
2022-07-16,16,252,197.0
2022-07-16,20,252,202.0
2022-07-17,0,252,212.0
2022-07-17,4,252,214.0
2022-07-17,8,252,217.0
2022-07-17,12,252,217.0
2022-07-17,16,252,210.0
2022-07-17,20,252,213.0
2022-07-18,0,252,215.0
2022-07-18,4,252,222.0
2022-07-18,8,252,224.0
2022-07-18,12,252,222.0
2022-07-18,16,252,218.0
2022-07-18,20,252,223.0
2022-07-19,0,252,233.0
2022-07-19,4,252,234.0
2022-07-19,8,252,234.0
2022-07-19,12,252,234.0
2022-07-19,16,252,214.0
2022-07-19,20,252,214.0
2022-07-20,0,252,217.0
2022-07-20,4,252,218.0
2022-07-20,8,252,218.0
2022-07-20,12,252,217.0
2022-07-20,16,252,204.0
2022-07-20,20,252,204.0
2022-07-21,0,252,208.0
2022-07-21,4,252,210.0
2022-07-21,8,252,209.0
2022-07-21,12,252,210.0
2022-07-21,16,252,195.0
2022-07-21,20,252,192.0
2022-07-22,0,252,194.0
2022-07-22,4,252,198.0
2022-07-22,8,252,201.0
2022-07-22,12,252,202.0
2022-07-22,16,252,194.0
2022-07-22,20,252,181.0
2022-07-23,0,252,186.0
2022-07-23,4,252,189.0
2022-07-23,8,252,192.0
2022-07-23,12,252,193.0
2022-07-23,16,252,188.0
2022-07-23,20,252,195.0
2022-07-24,0,252,200.0
2022-07-24,4,252,203.0
2022-07-24,8,252,203.0
2022-07-24,12,252,205.0
2022-07-24,16,252,199.0
2022-07-24,20,252,198.0
2022-07-25,0,252,203.0
2022-07-25,4,252,203.0
2022-07-25,8,252,203.0
2022-07-25,12,252,204.0
2022-07-25,16,252,210.0
2022-07-25,20,252,207.0
2022-07-26,0,252,213.0
2022-07-26,4,252,218.0
2022-07-26,8,252,218.0
2022-07-26,12,252,217.0
2022-07-26,16,252,202.0
2022-07-26,20,252,204.0
2022-07-27,0,252,206.0
2022-07-27,4,252,210.0
2022-07-27,8,252,212.0
2022-07-27,12,252,212.0
2022-07-27,16,252,196.0
2022-07-27,20,252,205.0
2022-07-28,0,252,209.0
2022-07-28,4,252,212.0
2022-07-28,8,252,216.0
2022-07-28,12,252,215.0
2022-07-28,16,252,211.0
2022-07-28,20,252,217.0
2022-07-29,0,252,223.0
2022-07-29,4,252,226.0
2022-07-29,8,252,228.0
2022-07-29,12,252,227.0
2022-07-29,16,252,216.0
2022-07-29,20,252,218.0
2022-07-30,0,252,223.0
2022-07-30,4,252,226.0
2022-07-30,8,252,227.0
2022-07-30,12,252,227.0
2022-07-30,16,252,210.0
2022-07-30,20,252,218.0
2022-07-31,0,252,222.0
2022-07-31,4,252,228.0
2022-07-31,8,252,228.0
2022-07-31,12,252,229.0
2022-07-31,16,252,221.0
2022-07-31,20,252,223.0
2022-08-01,0,252,228.0
2022-08-01,4,252,228.0
2022-08-01,8,252,228.0
2022-08-01,12,252,226.0
2022-08-01,16,252,224.0
2022-08-01,20,252,226.0
2022-08-02,0,252,231.0
2022-08-02,4,252,232.0
2022-08-02,8,252,233.0
2022-08-02,12,252,231.0
2022-08-02,16,252,222.0
2022-08-02,20,252,220.0
2022-08-03,0,252,228.0
2022-08-03,4,252,228.0
2022-08-03,8,252,229.0
2022-08-03,12,252,228.0
2022-08-03,16,252,213.0
2022-08-03,20,252,210.0
2022-08-04,0,252,221.0
2022-08-04,4,252,224.0
2022-08-04,8,252,225.0
2022-08-04,12,252,221.0
2022-08-04,16,252,211.0
2022-08-04,20,252,218.0
2022-08-05,0,252,222.0
2022-08-05,4,252,226.0
2022-08-05,8,252,226.0
2022-08-05,12,252,225.0
2022-08-05,16,252,209.0
2022-08-05,20,252,208.0
2022-08-06,0,252,211.0
2022-08-06,4,252,213.0
2022-08-06,8,252,214.0
2022-08-06,12,252,212.0
2022-08-06,16,252,195.0
2022-08-06,20,252,204.0
2022-08-07,0,252,206.0
2022-08-07,4,252,207.0
2022-08-07,8,252,208.0
2022-08-07,12,252,212.0
2022-08-07,16,252,196.0
2022-08-07,20,252,201.0
2022-08-08,0,252,204.0
2022-08-08,4,252,205.0
2022-08-08,8,252,206.0
2022-08-08,12,252,204.0
2022-08-08,16,252,203.0
2022-08-08,20,252,205.0
2022-08-09,0,252,209.0
2022-08-09,4,252,214.0
2022-08-09,8,252,214.0
2022-08-09,12,252,212.0
2022-08-09,16,252,203.0
2022-08-09,20,252,209.0
2022-08-10,0,252,209.0
2022-08-10,4,252,213.0
2022-08-10,8,252,213.0
2022-08-10,12,252,209.0
2022-08-10,16,252,198.0
2022-08-10,20,252,201.0
2022-08-11,0,252,210.0
2022-08-11,4,252,215.0
2022-08-11,8,252,217.0
2022-08-11,12,252,214.0
2022-08-11,16,252,199.0
2022-08-11,20,252,209.0
2022-08-26,0,252,210.0
2022-08-26,4,252,214.0
2022-08-26,8,252,215.0
2022-08-26,12,252,213.0
2022-08-26,16,252,188.0
2022-08-26,20,252,183.0
2022-08-27,0,252,187.0
2022-08-27,4,252,193.0
2022-08-27,8,252,192.0
2022-08-27,12,252,191.0
2022-08-27,16,252,181.0
2022-08-27,20,252,189.0
2022-08-28,0,252,191.0
2022-08-28,4,252,197.0
2022-08-28,8,252,200.0
2022-08-28,12,252,198.0
2022-08-28,16,252,192.0
2022-08-28,20,252,198.0
2022-08-29,0,252,206.0
2022-08-29,4,252,209.0
2022-08-29,8,252,211.0
2022-08-29,12,252,208.0
2022-08-29,16,252,206.0
2022-08-29,20,252,205.0
2022-08-30,0,252,209.0
2022-08-30,4,252,214.0
2022-08-30,8,252,214.0
2022-08-30,12,252,209.0
2022-08-30,16,252,195.0
2022-08-30,20,252,196.0
2022-08-31,0,252,200.0
2022-08-31,4,252,205.0
2022-08-31,8,252,209.0
2022-08-31,12,252,208.0
2022-08-31,16,252,198.0
2022-08-31,20,252,204.0
2022-09-01,0,252,210.0
2022-09-01,4,252,216.0
2022-09-01,8,252,216.0
2022-09-01,12,252,213.0
2022-09-01,16,252,198.0
2022-09-01,20,252,201.0
2022-09-02,0,252,210.0
2022-09-02,4,252,213.0
2022-09-02,8,252,215.0
2022-09-02,12,252,216.0
2022-09-02,16,252,202.0
2022-09-02,20,252,198.0
2022-09-03,0,252,205.0
2022-09-03,4,252,211.0
2022-09-03,8,252,212.0
2022-09-03,12,252,211.0
2022-09-03,16,252,189.0
2022-09-03,20,252,192.0
2022-09-04,0,252,199.0
2022-09-04,4,252,202.0
2022-09-04,8,252,204.0
2022-09-04,12,252,205.0
2022-09-04,16,252,193.0
2022-09-04,20,252,195.0
2022-09-05,0,252,198.0
2022-09-05,4,252,207.0
2022-09-05,8,252,207.0
2022-09-05,12,252,205.0
2022-09-05,16,252,199.0
2022-09-05,20,252,194.0
2022-09-06,0,252,203.0
2022-09-06,4,252,209.0
2022-09-06,8,252,209.0
2022-09-06,12,252,204.0
2022-09-06,16,252,193.0
2022-09-06,20,252,201.0
2022-09-07,0,252,212.0
2022-09-07,4,252,216.0
2022-09-07,8,252,218.0
2022-09-07,12,252,216.0
2022-09-07,16,252,199.0
2022-09-07,20,252,200.0
2022-09-08,0,252,201.0
2022-09-08,4,252,205.0
2022-09-08,8,252,208.0
2022-09-08,12,252,208.0
2022-09-08,16,252,199.0
2022-09-08,20,252,202.0
2022-09-09,0,252,205.0
2022-09-09,4,252,210.0
2022-09-09,8,252,213.0
2022-09-09,12,252,212.0
2022-09-09,16,252,192.0
2022-09-09,20,252,190.0
2022-09-10,0,252,203.0
2022-09-10,4,252,207.0
2022-09-10,8,252,209.0
2022-09-10,12,252,211.0
2022-09-10,16,252,193.0
2022-09-10,20,252,199.0
2022-09-11,0,252,203.0
2022-09-11,4,252,206.0
2022-09-11,8,252,210.0
2022-09-11,12,252,211.0
2022-09-11,16,252,200.0
2022-09-11,20,252,207.0
2022-09-12,0,252,209.0
2022-09-12,4,252,209.0
2022-09-12,8,252,211.0
2022-09-12,12,252,211.0
2022-09-12,16,252,203.0
2022-09-12,20,252,210.0
2022-09-13,0,252,215.0
2022-09-13,4,252,219.0
2022-09-13,8,252,219.0
2022-09-13,12,252,218.0
2022-09-13,16,252,201.0
2022-09-13,20,252,211.0
2022-09-14,0,252,215.0
2022-09-14,4,252,222.0
2022-09-14,8,252,222.0
2022-09-14,12,252,218.0
2022-09-14,16,252,201.0
2022-09-14,20,252,209.0
2022-09-15,0,252,217.0
2022-09-15,4,252,220.0
2022-09-15,8,252,223.0
2022-09-15,12,252,222.0
2022-09-15,16,252,209.0
2022-09-15,20,252,211.0
2022-09-16,0,252,218.0
2022-09-16,4,252,224.0
2022-09-16,8,252,225.0
2022-09-16,12,252,225.0
2022-09-16,16,252,206.0
2022-09-16,20,252,209.0
2022-09-17,0,252,218.0
2022-09-17,4,252,222.0
2022-09-17,8,252,223.0
2022-09-17,12,252,223.0
2022-09-17,16,252,207.0
2022-09-17,20,252,211.0
2022-09-18,0,252,215.0
2022-09-18,4,252,219.0
2022-09-18,8,252,219.0
2022-09-18,12,252,218.0
2022-09-18,16,252,207.0
2022-09-18,20,252,208.0
2022-09-19,0,252,214.0
2022-09-19,4,252,214.0
2022-09-19,8,252,216.0
2022-09-19,12,252,214.0
2022-09-19,16,252,205.0
2022-09-19,20,252,208.0
2022-09-20,0,252,213.0
2022-09-20,4,252,218.0
2022-09-20,8,252,218.0
2022-09-20,12,252,213.0
2022-09-20,16,252,203.0
2022-09-20,20,252,212.0
2022-09-21,0,252,218.0
2022-09-21,4,252,218.0
2022-09-21,8,252,219.0
2022-09-21,12,252,220.0
2022-09-21,16,252,202.0
2022-09-21,20,252,204.0
2022-09-22,0,252,212.0
2022-09-22,4,252,215.0
2022-09-22,8,252,217.0
2022-09-22,12,252,217.0
2022-09-22,16,252,213.0
2022-09-22,20,252,215.0
2022-10-07,0,252,200.0
2022-10-07,4,252,202.0
2022-10-07,8,252,205.0
2022-10-07,12,252,202.0
2022-10-07,16,252,186.0
2022-10-07,20,252,189.0
2022-10-08,0,252,199.0
2022-10-08,4,252,203.0
2022-10-08,8,252,205.0
2022-10-08,12,252,207.0
2022-10-08,16,252,188.0
2022-10-08,20,252,192.0
2022-10-09,0,252,198.0
2022-10-09,4,252,200.0
2022-10-09,8,252,201.0
2022-10-09,12,252,199.0
2022-10-09,16,252,201.0
2022-10-09,20,252,204.0
2022-10-10,0,252,209.0
2022-10-10,4,252,214.0
2022-10-10,8,252,216.0
2022-10-10,12,252,216.0
2022-10-10,16,252,211.0
2022-10-10,20,252,213.0
2022-10-11,0,252,216.0
2022-10-11,4,252,221.0
2022-10-11,8,252,222.0
2022-10-11,12,252,220.0
2022-10-11,16,252,196.0
2022-10-11,20,252,202.0
2022-10-12,0,252,211.0
2022-10-12,4,252,215.0
2022-10-12,8,252,215.0
2022-10-12,12,252,212.0
2022-10-12,16,252,192.0
2022-10-12,20,252,198.0
2022-10-13,0,252,206.0
2022-10-13,4,252,216.0
2022-10-13,8,252,221.0
2022-10-13,12,252,224.0
2022-10-13,16,252,215.0
2022-10-13,20,252,215.0
2022-10-14,0,252,224.0
2022-10-14,4,252,225.0
2022-10-14,8,252,227.0
2022-10-14,12,252,227.0
2022-10-14,16,252,215.0
2022-10-14,20,252,213.0
2022-10-15,0,252,222.0
2022-10-15,4,252,234.0
2022-10-15,8,252,234.0
2022-10-15,12,252,234.0
2022-10-15,16,252,218.0
2022-10-15,20,252,220.0
2022-10-16,0,252,225.0
2022-10-16,4,252,228.0
2022-10-16,8,252,229.0
2022-10-16,12,252,230.0
2022-10-16,16,252,222.0
2022-10-16,20,252,222.0
2022-10-17,0,252,222.0
2022-10-17,4,252,223.0
2022-10-17,8,252,225.0
2022-10-17,12,252,222.0
2022-10-17,16,252,223.0
2022-10-17,20,252,226.0
2022-10-18,0,252,231.0
2022-10-18,4,252,231.0
2022-10-18,8,252,231.0
2022-10-18,12,252,228.0
2022-10-18,16,252,216.0
2022-10-18,20,252,215.0
2022-10-19,0,252,219.0
2022-10-19,4,252,222.0
2022-10-19,8,252,222.0
2022-10-19,12,252,221.0
2022-10-19,16,252,208.0
2022-10-19,20,252,212.0
2022-10-20,0,252,225.0
2022-10-20,4,252,226.0
2022-10-20,8,252,229.0
2022-10-20,12,252,227.0
2022-10-20,16,252,216.0
2022-10-20,20,252,214.0
2022-10-21,0,252,220.0
2022-10-21,4,252,226.0
2022-10-21,8,252,228.0
2022-10-21,12,252,228.0
2022-10-21,16,252,207.0
2022-10-21,20,252,214.0
2022-10-22,0,252,218.0
2022-10-22,4,252,222.0
2022-10-22,8,252,223.0
2022-10-22,12,252,224.0
2022-10-22,16,252,206.0
2022-10-22,20,252,209.0
2022-10-23,0,252,211.0
2022-10-23,4,252,216.0
2022-10-23,8,252,217.0
2022-10-23,12,252,216.0
2022-10-23,16,252,211.0
2022-10-23,20,252,219.0
2022-10-24,0,252,223.0
2022-10-24,4,252,225.0
2022-10-24,8,252,228.0
2022-10-24,12,252,227.0
2022-10-24,16,252,219.0
2022-10-24,20,252,222.0
2022-10-25,0,271,225.0
2022-10-25,4,271,227.0
2022-10-25,8,271,227.0
2022-10-25,12,271,224.0
2022-10-25,16,271,221.0
2022-10-25,20,271,231.0
2022-10-26,0,271,241.0
2022-10-26,4,271,248.0
2022-10-26,8,271,249.0
2022-10-26,12,271,246.0
2022-10-26,16,271,223.0
2022-10-26,20,271,230.0
2022-10-27,0,271,240.0
2022-10-27,4,271,240.0
2022-10-27,8,271,241.0
2022-10-27,12,271,240.0
2022-10-27,16,271,220.0
2022-10-27,20,271,220.0
2022-10-28,0,271,227.0
2022-10-28,4,271,231.0
2022-10-28,8,271,231.0
2022-10-28,12,271,228.0
2022-10-28,16,271,213.0
2022-10-28,20,271,215.0
2022-10-29,0,271,216.0
2022-10-29,4,271,222.0
2022-10-29,8,271,226.0
2022-10-29,12,271,226.0
2022-10-29,16,271,210.0
2022-10-29,20,271,215.0
2022-10-30,0,271,219.0
2022-10-30,4,271,224.0
2022-10-30,8,271,226.0
2022-10-30,12,271,227.0
2022-10-30,16,271,219.0
2022-10-30,20,271,227.0
2022-10-31,0,271,227.0
2022-10-31,4,271,231.0
2022-10-31,8,271,232.0
2022-10-31,12,271,231.0
2022-10-31,16,271,231.0
2022-10-31,20,271,233.0
2022-11-01,0,271,240.0
2022-11-01,4,271,242.0
2022-11-01,8,271,243.0
2022-11-01,12,271,239.0
2022-11-01,16,271,223.0
2022-11-01,20,271,218.0
2022-11-02,0,271,227.0
2022-11-02,4,271,228.0
2022-11-02,8,271,228.0
2022-11-02,12,271,226.0
2022-11-02,16,271,211.0
2022-11-02,20,271,211.0
2022-11-03,0,271,219.0
2022-11-03,4,271,226.0
2022-11-03,8,271,228.0
2022-11-03,12,271,228.0
2022-11-03,16,271,219.0
2022-11-03,20,271,218.0
2022-11-18,0,271,223.0
2022-11-18,4,271,226.0
2022-11-18,8,271,226.0
2022-11-18,12,271,224.0
2022-11-18,16,271,211.0
2022-11-18,20,271,219.0
2022-11-19,0,271,226.0
2022-11-19,4,271,228.0
2022-11-19,8,271,231.0
2022-11-19,12,271,232.0
2022-11-19,16,271,211.0
2022-11-19,20,271,216.0
2022-11-20,0,271,222.0
2022-11-20,4,271,221.0
2022-11-20,8,271,223.0
2022-11-20,12,271,223.0
2022-11-20,16,271,213.0
2022-11-20,20,271,222.0
2022-11-21,0,271,225.0
2022-11-21,4,271,227.0
2022-11-21,8,271,227.0
2022-11-21,12,271,228.0
2022-11-21,16,271,218.0
2022-11-21,20,271,222.0
2022-11-22,0,271,228.0
2022-11-22,4,271,233.0
2022-11-22,8,271,234.0
2022-11-22,12,271,236.0
2022-11-22,16,271,223.0
2022-11-22,20,271,230.0
2022-11-23,0,271,239.0
2022-11-23,4,271,243.0
2022-11-23,8,271,244.0
2022-11-23,12,271,242.0
2022-11-23,16,271,224.0
2022-11-23,20,271,226.0
2022-11-24,0,271,235.0
2022-11-24,4,271,242.0
2022-11-24,8,271,243.0
2022-11-24,12,271,241.0
2022-11-24,16,271,219.0
2022-11-24,20,271,222.0
2022-11-25,0,271,229.0
2022-11-25,4,271,233.0
2022-11-25,8,271,234.0
2022-11-25,12,271,233.0
2022-11-25,16,271,222.0
2022-11-25,20,271,225.0
2022-11-26,0,271,232.0
2022-11-26,4,271,235.0
2022-11-26,8,271,235.0
2022-11-26,12,271,236.0
2022-11-26,16,271,219.0
2022-11-26,20,271,225.0
2022-11-27,0,271,228.0
2022-11-27,4,271,230.0
2022-11-27,8,271,232.0
2022-11-27,12,271,234.0
2022-11-27,16,271,223.0
2022-11-27,20,271,230.0
2022-11-28,0,271,236.0
2022-11-28,4,271,237.0
2022-11-28,8,271,236.0
2022-11-28,12,271,234.0
2022-11-28,16,271,232.0
2022-11-28,20,271,238.0
2022-11-29,0,271,243.0
2022-11-29,4,271,244.0
2022-11-29,8,271,245.0
2022-11-29,12,271,243.0
2022-11-29,16,271,232.0
2022-11-29,20,271,238.0
2022-11-30,0,271,244.0
2022-11-30,4,271,246.0
2022-11-30,8,271,246.0
2022-11-30,12,271,245.0
2022-11-30,16,271,232.0
2022-11-30,20,271,227.0
2022-12-01,0,271,239.0
2022-12-01,4,271,242.0
2022-12-01,8,271,243.0
2022-12-01,12,271,241.0
2022-12-01,16,271,224.0
2022-12-01,20,271,224.0
2022-12-02,0,271,229.0
2022-12-02,4,271,234.0
2022-12-02,8,271,236.0
2022-12-02,12,271,240.0
2022-12-02,16,271,219.0
2022-12-02,20,271,218.0
2022-12-03,0,271,228.0
2022-12-03,4,271,232.0
2022-12-03,8,271,234.0
2022-12-03,12,271,232.0
2022-12-03,16,271,214.0
2022-12-03,20,271,220.0
2022-12-04,0,271,222.0
2022-12-04,4,271,227.0
2022-12-04,8,271,230.0
2022-12-04,12,271,231.0
2022-12-04,16,271,225.0
2022-12-04,20,271,227.0
2022-12-05,0,271,231.0
2022-12-05,4,271,233.0
2022-12-05,8,271,234.0
2022-12-05,12,271,235.0
2022-12-05,16,271,222.0
2022-12-05,20,271,222.0
2022-12-06,0,271,227.0
2022-12-06,4,271,235.0
2022-12-06,8,271,235.0
2022-12-06,12,271,235.0
2022-12-06,16,271,221.0
2022-12-06,20,271,227.0
2022-12-07,0,271,229.0
2022-12-07,4,271,232.0
2022-12-07,8,271,233.0
2022-12-07,12,271,237.0
2022-12-07,16,271,215.0
2022-12-07,20,271,209.0
2022-12-08,0,271,217.0
2022-12-08,4,271,218.0
2022-12-08,8,271,220.0
2022-12-08,12,271,219.0
2022-12-08,16,271,210.0
2022-12-08,20,271,216.0
2022-12-09,0,271,219.0
2022-12-09,4,271,222.0
2022-12-09,8,271,221.0
2022-12-09,12,271,222.0
2022-12-09,16,271,204.0
2022-12-09,20,271,200.0
2022-12-10,0,271,212.0
2022-12-10,4,271,219.0
2022-12-10,8,271,219.0
2022-12-10,12,271,218.0
2022-12-10,16,271,207.0
2022-12-10,20,271,210.0
2022-12-11,0,271,218.0
2022-12-11,4,271,218.0
2022-12-11,8,271,219.0
2022-12-11,12,271,217.0
2022-12-11,16,271,208.0
2022-12-11,20,271,215.0
2022-12-12,0,271,216.0
2022-12-12,4,271,224.0
2022-12-12,8,271,227.0
2022-12-12,12,271,229.0
2022-12-12,16,271,218.0
2022-12-12,20,271,220.0
2022-12-13,0,271,223.0
2022-12-13,4,271,226.0
2022-12-13,8,271,228.0
2022-12-13,12,271,228.0
2022-12-13,16,271,214.0
2022-12-13,20,271,221.0
2022-12-14,0,271,230.0
2022-12-14,4,271,233.0
2022-12-14,8,271,234.0
2022-12-14,12,271,234.0
2022-12-14,16,271,220.0
2022-12-14,20,271,220.0
2022-12-15,0,271,222.0
2022-12-15,4,271,226.0
2022-12-15,8,271,227.0
2022-12-15,12,271,225.0
2022-12-15,16,271,218.0
2022-12-15,20,271,213.0
2022-12-30,0,271,227.0
2022-12-30,4,271,232.0
2022-12-30,8,271,234.0
2022-12-30,12,271,233.0
2022-12-30,16,271,214.0
2022-12-30,20,271,216.0
2022-12-31,0,271,221.0
2022-12-31,4,271,223.0
2022-12-31,8,271,227.0
2022-12-31,12,271,226.0
2022-12-31,16,271,209.0
2022-12-31,20,271,210.0
2023-01-01,0,271,217.0
2023-01-01,4,271,224.0
2023-01-01,8,271,224.0
2023-01-01,12,271,225.0
2023-01-01,16,271,221.0
2023-01-01,20,271,221.0
2023-01-02,0,271,227.0
2023-01-02,4,271,232.0
2023-01-02,8,271,234.0
2023-01-02,12,271,234.0
2023-01-02,16,271,223.0
2023-01-02,20,271,230.0
2023-01-03,0,271,238.0
2023-01-03,4,271,241.0
2023-01-03,8,271,242.0
2023-01-03,12,271,241.0
2023-01-03,16,271,247.0
2023-01-03,20,271,248.0
2023-01-04,0,271,253.0
2023-01-04,4,271,254.0
2023-01-04,8,271,254.0
2023-01-04,12,271,251.0
2023-01-04,16,271,244.0
2023-01-04,20,271,244.0
2023-01-05,0,271,247.0
2023-01-05,4,271,249.0
2023-01-05,8,271,250.0
2023-01-05,12,271,245.0
2023-01-05,16,271,240.0
2023-01-05,20,271,237.0
2023-01-06,0,271,249.0
2023-01-06,4,271,254.0
2023-01-06,8,271,258.0
2023-01-06,12,271,257.0
2023-01-06,16,271,241.0
2023-01-06,20,271,238.0
2023-01-07,0,271,245.0
2023-01-07,4,271,247.0
2023-01-07,8,271,249.0
2023-01-07,12,271,247.0
2023-01-07,16,271,229.0
2023-01-07,20,271,234.0
2023-01-08,0,271,241.0
2023-01-08,4,271,243.0
2023-01-08,8,271,243.0
2023-01-08,12,271,242.0
2023-01-08,16,271,236.0
2023-01-08,20,271,240.0
2023-01-09,0,271,249.0
2023-01-09,4,271,251.0
2023-01-09,8,271,251.0
2023-01-09,12,271,249.0
2023-01-09,16,271,251.0
2023-01-09,20,271,253.0
2023-01-10,0,271,257.0
2023-01-10,4,271,257.0
2023-01-10,8,271,257.0
2023-01-10,12,271,258.0
2023-01-10,16,271,247.0
2023-01-10,20,271,248.0
2023-01-11,0,271,254.0
2023-01-11,4,271,256.0
2023-01-11,8,271,255.0
2023-01-11,12,271,251.0
2023-01-11,16,271,236.0
2023-01-11,20,271,236.0
2023-01-12,0,271,242.0
2023-01-12,4,271,244.0
2023-01-12,8,271,245.0
2023-01-12,12,271,242.0
2023-01-12,16,271,224.0
2023-01-12,20,271,230.0
2023-01-13,0,271,235.0
2023-01-13,4,271,239.0
2023-01-13,8,271,243.0
2023-01-13,12,271,236.0
2023-01-13,16,271,223.0
2023-01-13,20,271,220.0
2023-01-14,0,271,228.0
2023-01-14,4,271,233.0
2023-01-14,8,271,233.0
2023-01-14,12,271,234.0
2023-01-14,16,271,214.0
2023-01-14,20,271,218.0
2023-01-15,0,271,227.0
2023-01-15,4,271,232.0
2023-01-15,8,271,232.0
2023-01-15,12,271,234.0
2023-01-15,16,271,221.0
2023-01-15,20,271,229.0
2023-01-16,0,271,234.0
2023-01-16,4,271,239.0
2023-01-16,8,271,239.0
2023-01-16,12,271,239.0
2023-01-16,16,271,231.0
2023-01-16,20,271,236.0
2023-01-17,0,271,243.0
2023-01-17,4,271,247.0
2023-01-17,8,271,246.0
2023-01-17,12,271,238.0
2023-01-17,16,271,223.0
2023-01-17,20,271,220.0
2023-01-18,0,271,229.0
2023-01-18,4,271,230.0
2023-01-18,8,271,229.0
2023-01-18,12,271,225.0
2023-01-18,16,271,205.0
2023-01-18,20,271,206.0
2023-01-19,0,271,209.0
2023-01-19,4,271,213.0
2023-01-19,8,271,216.0
2023-01-19,12,271,213.0
2023-01-19,16,271,188.0
2023-01-19,20,271,180.0
2023-01-20,0,271,181.0
2023-01-20,4,271,183.0
2023-01-20,8,271,183.0
2023-01-20,12,271,183.0
2023-01-20,16,271,160.0
2023-01-20,20,271,150.0
2023-01-21,0,271,155.0
2023-01-21,4,271,158.0
2023-01-21,8,271,160.0
2023-01-21,12,271,158.0
2023-01-21,16,271,136.0
2023-01-21,20,271,135.0
2023-01-22,0,271,139.0
2023-01-22,4,271,142.0
2023-01-22,8,271,144.0
2023-01-22,12,271,144.0
2023-01-22,16,271,140.0
2023-01-22,20,271,142.0
2023-01-23,0,271,148.0
2023-01-23,4,271,150.0
2023-01-23,8,271,150.0
2023-01-23,12,271,149.0
2023-01-23,16,271,146.0
2023-01-23,20,271,150.0
2023-01-24,0,271,154.0
2023-01-24,4,271,159.0
2023-01-24,8,271,161.0
2023-01-24,12,271,159.0
2023-01-24,16,271,156.0
2023-01-24,20,271,163.0
2023-01-25,0,271,166.0
2023-01-25,4,271,174.0
2023-01-25,8,271,176.0
2023-01-25,12,271,172.0
2023-01-25,16,271,169.0
2023-01-25,20,271,172.0
2023-01-26,0,271,182.0
2023-01-26,4,271,185.0
2023-01-26,8,271,185.0
2023-01-26,12,271,184.0
2023-01-26,16,271,171.0
2023-01-26,20,271,179.0
2023-02-10,0,271,256.0
2023-02-10,4,271,257.0
2023-02-10,8,271,257.0
2023-02-10,12,271,254.0
2023-02-10,16,271,248.0
2023-02-10,20,271,248.0
2023-02-11,0,271,254.0
2023-02-11,4,271,259.0
2023-02-11,8,271,260.0
2023-02-11,12,271,260.0
2023-02-11,16,271,250.0
2023-02-11,20,271,251.0
2023-02-12,0,271,256.0
2023-02-12,4,271,261.0
2023-02-12,8,271,261.0
2023-02-12,12,271,261.0
2023-02-12,16,271,253.0
2023-02-12,20,271,257.0
2023-02-13,0,271,258.0
2023-02-13,4,271,259.0
2023-02-13,8,271,259.0
2023-02-13,12,271,257.0
2023-02-13,16,271,244.0
2023-02-13,20,271,241.0
2023-02-14,0,271,249.0
2023-02-14,4,271,253.0
2023-02-14,8,271,256.0
2023-02-14,12,271,252.0
2023-02-14,16,271,248.0
2023-02-14,20,271,248.0
2023-02-15,0,271,254.0
2023-02-15,4,271,257.0
2023-02-15,8,271,259.0
2023-02-15,12,271,258.0
2023-02-15,16,271,246.0
2023-02-15,20,271,245.0
2023-02-16,0,271,251.0
2023-02-16,4,271,256.0
2023-02-16,8,271,256.0
2023-02-16,12,271,255.0
2023-02-16,16,271,246.0
2023-02-16,20,271,242.0
2023-02-17,0,271,248.0
2023-02-17,4,271,253.0
2023-02-17,8,271,254.0
2023-02-17,12,271,251.0
2023-02-17,16,271,234.0
2023-02-17,20,271,238.0
2023-02-18,0,271,245.0
2023-02-18,4,271,250.0
2023-02-18,8,271,251.0
2023-02-18,12,271,249.0
2023-02-18,16,271,241.0
2023-02-18,20,271,250.0
2023-02-19,0,271,257.0
2023-02-19,4,271,257.0
2023-02-19,8,271,258.0
2023-02-19,12,271,259.0
2023-02-19,16,271,254.0
2023-02-19,20,271,258.0
2023-02-20,0,271,259.0
2023-02-20,4,271,261.0
2023-02-20,8,271,261.0
2023-02-20,12,271,258.0
2023-02-20,16,271,244.0
2023-02-20,20,271,249.0
2023-02-21,0,271,257.0
2023-02-21,4,271,259.0
2023-02-21,8,271,258.0
2023-02-21,12,271,252.0
2023-02-21,16,271,240.0
2023-02-21,20,271,248.0
2023-02-22,0,271,257.0
2023-02-22,4,271,260.0
2023-02-22,8,271,260.0
2023-02-22,12,271,257.0
2023-02-22,16,271,238.0
2023-02-22,20,271,252.0
2023-02-23,0,271,262.0
2023-02-23,4,271,264.0
2023-02-23,8,271,262.0
2023-02-23,12,271,258.0
2023-02-23,16,271,241.0
2023-02-23,20,271,240.0
2023-02-24,0,271,249.0
2023-02-24,4,271,253.0
2023-02-24,8,271,254.0
2023-02-24,12,271,253.0
2023-02-24,16,271,232.0
2023-02-24,20,271,224.0
2023-02-25,0,271,233.0
2023-02-25,4,271,239.0
2023-02-25,8,271,242.0
2023-02-25,12,271,240.0
2023-02-25,16,271,217.0
2023-02-25,20,271,223.0
2023-02-26,0,271,232.0
2023-02-26,4,271,237.0
2023-02-26,8,271,238.0
2023-02-26,12,271,239.0
2023-02-26,16,271,226.0
2023-02-26,20,271,228.0
2023-02-27,0,271,233.0
2023-02-27,4,271,237.0
2023-02-27,8,271,240.0
2023-02-27,12,271,240.0
2023-02-27,16,271,233.0
2023-02-27,20,271,237.0
2023-02-28,0,271,246.0
2023-02-28,4,271,247.0
2023-02-28,8,271,251.0
2023-02-28,12,271,247.0
2023-02-28,16,271,236.0
2023-02-28,20,271,246.0
2023-03-01,0,271,248.0
2023-03-01,4,271,252.0
2023-03-01,8,271,253.0
2023-03-01,12,271,248.0
2023-03-01,16,271,226.0
2023-03-01,20,271,224.0
2023-03-02,0,271,231.0
2023-03-02,4,271,235.0
2023-03-02,8,271,234.0
2023-03-02,12,271,233.0
2023-03-02,16,271,221.0
2023-03-02,20,271,227.0
2023-03-03,0,271,234.0
2023-03-03,4,271,241.0
2023-03-03,8,271,242.0
2023-03-03,12,271,242.0
2023-03-03,16,271,218.0
2023-03-03,20,271,224.0
2023-03-04,0,271,226.0
2023-03-04,4,271,229.0
2023-03-04,8,271,230.0
2023-03-04,12,271,230.0
2023-03-04,16,271,211.0
2023-03-04,20,271,215.0
2023-03-05,0,271,219.0
2023-03-05,4,271,224.0
2023-03-05,8,271,226.0
2023-03-05,12,271,229.0
2023-03-05,16,271,218.0
2023-03-05,20,271,222.0
2023-03-06,0,271,228.0
2023-03-06,4,271,233.0
2023-03-06,8,271,235.0
2023-03-06,12,271,233.0
2023-03-06,16,271,229.0
2023-03-06,20,271,240.0
2023-03-07,0,271,247.0
2023-03-07,4,271,247.0
2023-03-07,8,271,250.0
2023-03-07,12,271,245.0
2023-03-07,16,271,240.0
2023-03-07,20,271,246.0
2023-03-08,0,271,253.0
2023-03-08,4,271,256.0
2023-03-08,8,271,258.0
2023-03-08,12,271,253.0
2023-03-08,16,271,239.0
2023-03-08,20,271,242.0
2023-03-09,0,271,251.0
2023-03-09,4,271,257.0
2023-03-09,8,271,258.0
2023-03-09,12,271,251.0
2023-03-09,16,271,236.0
2023-03-09,20,271,239.0
2023-03-24,0,271,248.0
2023-03-24,4,271,249.0
2023-03-24,8,271,255.0
2023-03-24,12,271,255.0
2023-03-24,16,271,239.0
2023-03-24,20,271,231.0
2023-03-25,0,271,241.0
2023-03-25,4,271,244.0
2023-03-25,8,271,245.0
2023-03-25,12,271,243.0
2023-03-25,16,271,232.0
2023-03-25,20,271,236.0
2023-03-26,0,271,239.0
2023-03-26,4,271,241.0
2023-03-26,8,271,243.0
2023-03-26,12,271,243.0
2023-03-26,16,271,230.0
2023-03-26,20,271,229.0
2023-03-27,0,271,232.0
2023-03-27,4,271,241.0
2023-03-27,8,271,243.0
2023-03-27,12,271,242.0
2023-03-27,16,271,242.0
2023-03-27,20,271,244.0
2023-03-28,0,271,252.0
2023-03-28,4,271,252.0
2023-03-28,8,271,252.0
2023-03-28,12,271,247.0
2023-03-28,16,271,231.0
2023-03-28,20,271,234.0
2023-03-29,0,271,239.0
2023-03-29,4,271,240.0
2023-03-29,8,271,241.0
2023-03-29,12,271,240.0
2023-03-29,16,271,227.0
2023-03-29,20,271,232.0
2023-03-30,0,271,240.0
2023-03-30,4,271,244.0
2023-03-30,8,271,245.0
2023-03-30,12,271,241.0
2023-03-30,16,271,220.0
2023-03-30,20,271,231.0
2023-03-31,0,271,234.0
2023-03-31,4,271,238.0
2023-03-31,8,271,240.0
2023-03-31,12,271,241.0
2023-03-31,16,271,218.0
2023-03-31,20,271,218.0
2023-04-01,0,271,221.0
2023-04-01,4,271,225.0
2023-04-01,8,271,228.0
2023-04-01,12,271,228.0
2023-04-01,16,271,215.0
2023-04-01,20,271,218.0
2023-04-02,0,271,225.0
2023-04-02,4,271,228.0
2023-04-02,8,271,229.0
2023-04-02,12,271,231.0
2023-04-02,16,271,225.0
2023-04-02,20,271,229.0
2023-04-03,0,271,234.0
2023-04-03,4,271,236.0
2023-04-03,8,271,237.0
2023-04-03,12,271,239.0
2023-04-03,16,271,236.0
2023-04-03,20,271,240.0
2023-04-04,0,271,245.0
2023-04-04,4,271,250.0
2023-04-04,8,271,251.0
2023-04-04,12,271,250.0
2023-04-04,16,271,230.0
2023-04-04,20,271,231.0
2023-04-05,0,271,239.0
2023-04-05,4,271,241.0
2023-04-05,8,271,241.0
2023-04-05,12,271,240.0
2023-04-05,16,271,219.0
2023-04-05,20,271,221.0
2023-04-06,0,271,231.0
2023-04-06,4,271,233.0
2023-04-06,8,271,233.0
2023-04-06,12,271,235.0
2023-04-06,16,271,222.0
2023-04-06,20,271,219.0
2023-04-07,0,271,222.0
2023-04-07,4,271,226.0
2023-04-07,8,271,230.0
2023-04-07,12,271,231.0
2023-04-07,16,271,221.0
2023-04-07,20,271,224.0
2023-04-08,0,271,230.0
2023-04-08,4,271,233.0
2023-04-08,8,271,236.0
2023-04-08,12,271,237.0
2023-04-08,16,271,235.0
2023-04-08,20,271,241.0
2023-04-09,0,271,244.0
2023-04-09,4,271,247.0
2023-04-09,8,271,248.0
2023-04-09,12,271,249.0
2023-04-09,16,271,230.0
2023-04-09,20,271,233.0
2023-04-10,0,271,238.0
2023-04-10,4,271,243.0
2023-04-10,8,271,243.0
2023-04-10,12,271,245.0
2023-04-10,16,271,238.0
2023-04-10,20,271,242.0
2023-04-11,0,271,249.0
2023-04-11,4,271,248.0
2023-04-11,8,271,248.0
2023-04-11,12,271,244.0
2023-04-11,16,271,235.0
2023-04-11,20,271,240.0
2023-04-12,0,271,247.0
2023-04-12,4,271,250.0
2023-04-12,8,271,250.0
2023-04-12,12,271,251.0
2023-04-12,16,271,233.0
2023-04-12,20,271,236.0
2023-04-13,0,271,246.0
2023-04-13,4,271,252.0
2023-04-13,8,271,256.0
2023-04-13,12,271,257.0
2023-04-13,16,271,240.0
2023-04-13,20,271,238.0
2023-04-14,0,271,248.0
2023-04-14,4,271,250.0
2023-04-14,8,271,250.0
2023-04-14,12,271,247.0
2023-04-14,16,271,230.0
2023-04-14,20,271,230.0
2023-04-15,0,271,246.0
2023-04-15,4,271,250.0
2023-04-15,8,271,252.0
2023-04-15,12,271,252.0
2023-04-15,16,271,237.0
2023-04-15,20,271,237.0
2023-04-16,0,271,243.0
2023-04-16,4,271,245.0
2023-04-16,8,271,247.0
2023-04-16,12,271,249.0
2023-04-16,16,271,235.0
2023-04-16,20,271,236.0
2023-04-17,0,271,241.0
2023-04-17,4,271,246.0
2023-04-17,8,271,248.0
2023-04-17,12,271,246.0
2023-04-17,16,271,241.0
2023-04-17,20,271,245.0
2023-04-18,0,271,246.0
2023-04-18,4,271,252.0
2023-04-18,8,271,251.0
2023-04-18,12,271,252.0
2023-04-18,16,271,237.0
2023-04-18,20,271,243.0
2023-04-19,0,271,253.0
2023-04-19,4,271,255.0
2023-04-19,8,271,257.0
2023-04-19,12,271,256.0
2023-04-19,16,271,240.0
2023-04-19,20,271,243.0
2023-04-20,0,271,253.0
2023-04-20,4,271,256.0
2023-04-20,8,271,260.0
2023-04-20,12,271,258.0
2023-04-20,16,271,240.0
2023-04-20,20,271,237.0
2023-05-05,0,271,255.0
2023-05-05,4,271,260.0
2023-05-05,8,271,261.0
2023-05-05,12,271,257.0
2023-05-05,16,271,240.0
2023-05-05,20,271,232.0
2023-05-06,0,271,244.0
2023-05-06,4,271,248.0
2023-05-06,8,271,250.0
2023-05-06,12,271,249.0
2023-05-06,16,271,230.0
2023-05-06,20,271,239.0
2023-05-07,0,271,243.0
2023-05-07,4,271,244.0
2023-05-07,8,271,244.0
2023-05-07,12,271,246.0
2023-05-07,16,271,235.0
2023-05-07,20,271,244.0
2023-05-08,0,271,245.0
2023-05-08,4,271,250.0
2023-05-08,8,271,251.0
2023-05-08,12,271,251.0
2023-05-08,16,271,236.0
2023-05-08,20,271,246.0
2023-05-09,0,271,256.0
2023-05-09,4,271,257.0
2023-05-09,8,271,257.0
2023-05-09,12,271,251.0
2023-05-09,16,271,236.0
2023-05-09,20,271,234.0
2023-05-10,0,271,245.0
2023-05-10,4,271,248.0
2023-05-10,8,271,247.0
2023-05-10,12,271,240.0
2023-05-10,16,271,228.0
2023-05-10,20,271,233.0
2023-05-11,0,271,245.0
2023-05-11,4,271,247.0
2023-05-11,8,271,250.0
2023-05-11,12,271,250.0
2023-05-11,16,271,242.0
2023-05-11,20,271,242.0
2023-05-12,0,271,248.0
2023-05-12,4,271,250.0
2023-05-12,8,271,252.0
2023-05-12,12,271,249.0
2023-05-12,16,271,222.0
2023-05-12,20,271,218.0
2023-05-13,0,271,234.0
2023-05-13,4,271,236.0
2023-05-13,8,271,236.0
2023-05-13,12,271,238.0
2023-05-13,16,271,227.0
2023-05-13,20,271,234.0
2023-05-14,0,271,239.0
2023-05-14,4,271,244.0
2023-05-14,8,271,245.0
2023-05-14,12,271,247.0
2023-05-14,16,271,242.0
2023-05-14,20,271,246.0
2023-05-15,0,271,248.0
2023-05-15,4,271,250.0
2023-05-15,8,271,250.0
2023-05-15,12,271,252.0
2023-05-15,16,271,236.0
2023-05-15,20,271,240.0
2023-05-16,0,271,245.0
2023-05-16,4,271,250.0
2023-05-16,8,271,253.0
2023-05-16,12,271,253.0
2023-05-16,16,271,236.0
2023-05-16,20,271,240.0
2023-05-17,0,271,247.0
2023-05-17,4,271,253.0
2023-05-17,8,271,253.0
2023-05-17,12,271,252.0
2023-05-17,16,271,239.0
2023-05-17,20,271,246.0
2023-05-18,0,271,250.0
2023-05-18,4,271,252.0
2023-05-18,8,271,254.0
2023-05-18,12,271,252.0
2023-05-18,16,271,237.0
2023-05-18,20,271,244.0
2023-05-19,0,271,253.0
2023-05-19,4,271,257.0
2023-05-19,8,271,257.0
2023-05-19,12,271,251.0
2023-05-19,16,271,237.0
2023-05-19,20,271,242.0
2023-05-20,0,271,252.0
2023-05-20,4,271,254.0
2023-05-20,8,271,254.0
2023-05-20,12,271,253.0
2023-05-20,16,271,240.0
2023-05-20,20,271,246.0
2023-05-21,0,271,252.0
2023-05-21,4,271,253.0
2023-05-21,8,271,253.0
2023-05-21,12,271,250.0
2023-05-21,16,271,240.0
2023-05-21,20,271,249.0
2023-05-22,0,271,255.0
2023-05-22,4,271,255.0
2023-05-22,8,271,255.0
2023-05-22,12,271,255.0
2023-05-22,16,271,258.0
2023-05-22,20,271,257.0
2023-05-23,0,271,261.0
2023-05-23,4,271,262.0
2023-05-23,8,271,263.0
2023-05-23,12,271,263.0
2023-05-23,16,271,251.0
2023-05-23,20,271,250.0
2023-05-24,0,271,253.0
2023-05-24,4,271,258.0
2023-05-24,8,271,258.0
2023-05-24,12,271,257.0
2023-05-24,16,271,231.0
2023-05-24,20,271,235.0
2023-05-25,0,271,243.0
2023-05-25,4,271,246.0
2023-05-25,8,271,246.0
2023-05-25,12,271,243.0
2023-05-25,16,271,233.0
2023-05-25,20,271,230.0
2023-05-26,0,271,234.0
2023-05-26,4,271,245.0
2023-05-26,8,271,248.0
2023-05-26,12,271,249.0
2023-05-26,16,271,238.0
2023-05-26,20,271,242.0
2023-05-27,0,271,246.0
2023-05-27,4,271,247.0
2023-05-27,8,271,249.0
2023-05-27,12,271,249.0
2023-05-27,16,271,230.0
2023-05-27,20,271,234.0
2023-05-28,0,271,238.0
2023-05-28,4,271,243.0
2023-05-28,8,271,245.0
2023-05-28,12,271,239.0
2023-05-28,16,271,234.0
2023-05-28,20,271,242.0
2023-05-29,0,271,250.0
2023-05-29,4,271,253.0
2023-05-29,8,271,253.0
2023-05-29,12,271,250.0
2023-05-29,16,271,236.0
2023-05-29,20,271,237.0
2023-05-30,0,271,249.0
2023-05-30,4,271,253.0
2023-05-30,8,271,254.0
2023-05-30,12,271,249.0
2023-05-30,16,271,236.0
2023-05-30,20,271,234.0
2023-05-31,0,271,239.0
2023-05-31,4,271,247.0
2023-05-31,8,271,247.0
2023-05-31,12,271,246.0
2023-05-31,16,271,237.0
2023-05-31,20,271,243.0
2023-06-01,0,271,247.0
2023-06-01,4,271,249.0
2023-06-01,8,271,250.0
2023-06-01,12,271,244.0
2023-06-01,16,271,230.0
2023-06-01,20,271,238.0
2023-06-16,0,271,228.0
2023-06-16,4,271,229.0
2023-06-16,8,271,233.0
2023-06-16,12,271,234.0
2023-06-16,16,271,216.0
2023-06-16,20,271,217.0
2023-06-17,0,271,221.0
2023-06-17,4,271,223.0
2023-06-17,8,271,224.0
2023-06-17,12,271,223.0
2023-06-17,16,271,209.0
2023-06-17,20,271,210.0
2023-06-18,0,271,220.0
2023-06-18,4,271,224.0
2023-06-18,8,271,226.0
2023-06-18,12,271,224.0
2023-06-18,16,271,219.0
2023-06-18,20,271,221.0
2023-06-19,0,271,225.0
2023-06-19,4,271,230.0
2023-06-19,8,271,234.0
2023-06-19,12,271,232.0
2023-06-19,16,271,230.0
2023-06-19,20,271,238.0
2023-06-20,0,271,242.0
2023-06-20,4,271,249.0
2023-06-20,8,271,249.0
2023-06-20,12,271,248.0
2023-06-20,16,271,229.0
2023-06-20,20,271,230.0
2023-06-21,0,271,239.0
2023-06-21,4,271,243.0
2023-06-21,8,271,243.0
2023-06-21,12,271,242.0
2023-06-21,16,271,224.0
2023-06-21,20,271,224.0
2023-06-22,0,271,234.0
2023-06-22,4,271,239.0
2023-06-22,8,271,238.0
2023-06-22,12,271,233.0
2023-06-22,16,271,218.0
2023-06-22,20,271,220.0
2023-06-23,0,271,227.0
2023-06-23,4,271,232.0
2023-06-23,8,271,232.0
2023-06-23,12,271,229.0
2023-06-23,16,271,221.0
2023-06-23,20,271,219.0
2023-06-24,0,271,220.0
2023-06-24,4,271,226.0
2023-06-24,8,271,225.0
2023-06-24,12,271,220.0
2023-06-24,16,271,200.0
2023-06-24,20,271,203.0
2023-06-25,0,271,207.0
2023-06-25,4,271,213.0
2023-06-25,8,271,215.0
2023-06-25,12,271,218.0
2023-06-25,16,271,221.0
2023-06-25,20,271,222.0
2023-06-26,0,271,225.0
2023-06-26,4,271,227.0
2023-06-26,8,271,226.0
2023-06-26,12,271,226.0
2023-06-26,16,271,219.0
2023-06-26,20,271,227.0
2023-06-27,0,271,231.0
2023-06-27,4,271,236.0
2023-06-27,8,271,238.0
2023-06-27,12,271,239.0
2023-06-27,16,271,231.0
2023-06-27,20,271,233.0
2023-06-28,0,271,241.0
2023-06-28,4,271,244.0
2023-06-28,8,271,244.0
2023-06-28,12,271,241.0
2023-06-28,16,271,226.0
2023-06-28,20,271,227.0
2023-06-29,0,271,235.0
2023-06-29,4,271,236.0
2023-06-29,8,271,236.0
2023-06-29,12,271,237.0
2023-06-29,16,271,230.0
2023-06-29,20,271,234.0
2023-06-30,0,271,240.0
2023-06-30,4,271,243.0
2023-06-30,8,271,244.0
2023-06-30,12,271,244.0
2023-06-30,16,271,234.0
2023-06-30,20,271,232.0
2023-07-01,0,271,242.0
2023-07-01,4,271,248.0
2023-07-01,8,271,250.0
2023-07-01,12,271,250.0
2023-07-01,16,271,235.0
2023-07-01,20,271,237.0
2023-07-02,0,271,242.0
2023-07-02,4,271,246.0
2023-07-02,8,271,249.0
2023-07-02,12,271,248.0
2023-07-02,16,271,241.0
2023-07-02,20,271,247.0
2023-07-03,0,271,253.0
2023-07-03,4,271,254.0
2023-07-03,8,271,254.0
2023-07-03,12,271,249.0
2023-07-03,16,271,243.0
2023-07-03,20,271,240.0
2023-07-04,0,271,247.0
2023-07-04,4,271,248.0
2023-07-04,8,271,249.0
2023-07-04,12,271,246.0
2023-07-04,16,271,234.0
2023-07-04,20,271,236.0
2023-07-05,0,271,241.0
2023-07-05,4,271,245.0
2023-07-05,8,271,247.0
2023-07-05,12,271,246.0
2023-07-05,16,271,234.0
2023-07-05,20,271,229.0
2023-07-06,0,271,245.0
2023-07-06,4,271,252.0
2023-07-06,8,271,254.0
2023-07-06,12,271,254.0
2023-07-06,16,271,233.0
2023-07-06,20,271,240.0
2023-07-07,0,271,243.0
2023-07-07,4,271,250.0
2023-07-07,8,271,251.0
2023-07-07,12,271,247.0
2023-07-07,16,271,228.0
2023-07-07,20,271,225.0
2023-07-08,0,271,228.0
2023-07-08,4,271,230.0
2023-07-08,8,271,232.0
2023-07-08,12,271,230.0
2023-07-08,16,271,212.0
2023-07-08,20,271,218.0
2023-07-09,0,271,218.0
2023-07-09,4,271,223.0
2023-07-09,8,271,223.0
2023-07-09,12,271,221.0
2023-07-09,16,271,210.0
2023-07-09,20,271,217.0
2023-07-10,0,271,223.0
2023-07-10,4,271,225.0
2023-07-10,8,271,226.0
2023-07-10,12,271,222.0
2023-07-10,16,271,221.0
2023-07-10,20,271,225.0
2023-07-11,0,271,232.0
2023-07-11,4,271,236.0
2023-07-11,8,271,237.0
2023-07-11,12,271,238.0
2023-07-11,16,271,230.0
2023-07-11,20,271,231.0
2023-07-12,0,271,235.0
2023-07-12,4,271,242.0
2023-07-12,8,271,244.0
2023-07-12,12,271,245.0
2023-07-12,16,271,234.0
2023-07-12,20,271,228.0
2023-07-13,0,271,231.0
2023-07-13,4,271,234.0
2023-07-13,8,271,234.0
2023-07-13,12,271,234.0
2023-07-13,16,271,225.0
2023-07-13,20,271,224.0
2023-07-28,0,271,225.0
2023-07-28,4,271,234.0
2023-07-28,8,271,237.0
2023-07-28,12,271,236.0
2023-07-28,16,271,220.0
2023-07-28,20,271,220.0
2023-07-29,0,271,221.0
2023-07-29,4,271,225.0
2023-07-29,8,271,226.0
2023-07-29,12,271,224.0
2023-07-29,16,271,213.0
2023-07-29,20,271,219.0
2023-07-30,0,271,227.0
2023-07-30,4,271,229.0
2023-07-30,8,271,232.0
2023-07-30,12,271,233.0
2023-07-30,16,271,226.0
2023-07-30,20,271,231.0
2023-07-31,0,271,236.0
2023-07-31,4,271,240.0
2023-07-31,8,271,240.0
2023-07-31,12,271,239.0
2023-07-31,16,271,244.0
2023-07-31,20,271,246.0
2023-08-01,0,271,
2023-08-01,4,271,
2023-08-01,8,271,
2023-08-01,12,271,
2023-08-01,16,271,
2023-08-01,20,271,
2023-08-02,0,271,
2023-08-02,4,271,
2023-08-02,8,271,
2023-08-02,12,271,
2023-08-02,16,271,
2023-08-02,20,271,
2023-08-03,0,271,
2023-08-03,4,271,
2023-08-03,8,271,
2023-08-03,12,271,
2023-08-03,16,271,
2023-08-03,20,271,
2023-08-04,0,271,
2023-08-04,4,271,
2023-08-04,8,271,
2023-08-04,12,271,
2023-08-04,16,271,
2023-08-04,20,271,
2023-08-05,0,271,
2023-08-05,4,271,
2023-08-05,8,271,
2023-08-05,12,271,
2023-08-05,16,271,
2023-08-05,20,271,
2023-08-06,0,271,
2023-08-06,4,271,
2023-08-06,8,271,
2023-08-06,12,271,
2023-08-06,16,271,
2023-08-06,20,271,
2023-08-07,0,271,
2023-08-07,4,271,
2023-08-07,8,271,
2023-08-07,12,271,
2023-08-07,16,271,
2023-08-07,20,271,
2023-08-08,0,271,
2023-08-08,4,271,
2023-08-08,8,271,
2023-08-08,12,271,
2023-08-08,16,271,
2023-08-08,20,271,
2023-08-09,0,271,
2023-08-09,4,271,
2023-08-09,8,271,
2023-08-09,12,271,
2023-08-09,16,271,
2023-08-09,20,271,
2023-08-10,0,271,
2023-08-10,4,271,
2023-08-10,8,271,
2023-08-10,12,271,
2023-08-10,16,271,
2023-08-10,20,271,
2023-08-11,0,271,
2023-08-11,4,271,
2023-08-11,8,271,
2023-08-11,12,271,
2023-08-11,16,271,
2023-08-11,20,271,
2023-08-12,0,271,
2023-08-12,4,271,
2023-08-12,8,271,
2023-08-12,12,271,
2023-08-12,16,271,
2023-08-12,20,271,
2023-08-13,0,271,
2023-08-13,4,271,
2023-08-13,8,271,
2023-08-13,12,271,
2023-08-13,16,271,
2023-08-13,20,271,
2023-08-14,0,271,
2023-08-14,4,271,
2023-08-14,8,271,
2023-08-14,12,271,
2023-08-14,16,271,
2023-08-14,20,271,
2023-08-15,0,271,
2023-08-15,4,271,
2023-08-15,8,271,
2023-08-15,12,271,
2023-08-15,16,271,
2023-08-15,20,271,
2023-08-16,0,271,
2023-08-16,4,271,
2023-08-16,8,271,
2023-08-16,12,271,
2023-08-16,16,271,
2023-08-16,20,271,
2023-08-17,0,271,
2023-08-17,4,271,
2023-08-17,8,271,
2023-08-17,12,271,
2023-08-17,16,271,
2023-08-17,20,271,
2023-08-18,0,271,
2023-08-18,4,271,
2023-08-18,8,271,
2023-08-18,12,271,
2023-08-18,16,271,
2023-08-18,20,271,
2023-08-19,0,271,
2023-08-19,4,271,
2023-08-19,8,271,
2023-08-19,12,271,
2023-08-19,16,271,
2023-08-19,20,271,
2023-08-20,0,271,
2023-08-20,4,271,
2023-08-20,8,271,
2023-08-20,12,271,
2023-08-20,16,271,
2023-08-20,20,271,
2023-08-21,0,271,
2023-08-21,4,271,
2023-08-21,8,271,
2023-08-21,12,271,
2023-08-21,16,271,
2023-08-21,20,271,
2023-08-22,0,271,
2023-08-22,4,271,
2023-08-22,8,271,
2023-08-22,12,271,
2023-08-22,16,271,
2023-08-22,20,271,
2023-08-23,0,271,
2023-08-23,4,271,
2023-08-23,8,271,
2023-08-23,12,271,
2023-08-23,16,271,
2023-08-23,20,271,
2023-08-24,0,271,
2023-08-24,4,271,
2023-08-24,8,271,
2023-08-24,12,271,
2023-08-24,16,271,
2023-08-24,20,271,
